,Layer1inVals,Layer1inOutRatios,Layer2inVals,Layer2inOutRatios,Layer3inVals,Layer3inOutRatios,Layer4inVals,Layer4inOutRatios,Layer5inVals,Layer5inOutRatios,Layer6inVals,Layer6inOutRatios,Layer7inVals,Layer7inOutRatios,Layer8inVals,Layer8inOutRatios,Layer9inVals,Layer9inOutRatios,Layer10inVals,Layer10inOutRatios,Layer11inVals,Layer11inOutRatios,Layer12inVals,Layer12inOutRatios,Layer13inVals,Layer13inOutRatios
0,1.0,1.000009397770763,0.8683716795036496,1.0855057135340442,0.8710743099111824,1.0860874239348832,0.8710743099111824,1.0860874239348832,0.9090704615258236,1.0819877828275717,0.9090563962920779,1.0817890267814743,0.9090563962920779,1.0817890267814743,0.8800201428467144,1.1198863988163923,0.8689392953836512,1.1343452383469779,0.6466355594240945,1.8588092993190208,0.6259980843635405,1.892432412799575,0.7317231776580341,1.8484656245702877,0.7201664767885534,1.931913338917238
1,1.0,1.000009397770763,0.9110196545376062,1.2093134869155822,0.9109974874597162,1.2074420925319442,0.9109974874597162,1.2074420925319442,0.9023797125097254,1.0989653655112746,0.9023752409672836,1.098959683688959,0.9023752409672836,1.098959683688959,0.8528406081419171,1.1332042194012446,0.8309345214067863,1.1500365039319278,0.49646327332671286,1.9826603459992596,0.4937074723651357,2.0051231559145033,0.5990973871637756,1.95665553364702,0.5894688768314535,2.0009157342038524
2,1.0,1.000009397770763,0.8305504007567375,1.0515629498904442,0.8360498859880012,1.0555042431094452,0.8360498859880012,1.0555042431094452,0.8932216815622382,1.0636961516711676,0.8932164082714978,1.0636892773619298,0.8932164082714978,1.0636892773619298,0.8745279027059599,1.112065345423201,0.8521558962475803,1.1270981051264086,0.5177747185833782,2.25023190906645,0.5043250679590282,2.3564979334871308,0.507543083037296,1.9835691687803931,0.5005361076956621,2.131669168269341
3,1.0,1.0000095331866181,0.8143991841847029,1.0083585311441199,0.815097993465451,1.0082879369007167,0.815097993465451,1.0082879369007167,0.8741116236222289,1.0098165862262114,0.8741059483896494,1.0098025121307694,0.8741059483896494,1.0098025121307694,0.8277606031045991,1.0331062418855381,0.8086331778883308,1.038613578421539,0.4859127099993591,1.3998631624163451,0.48074463632688447,1.4195104331065702,0.5333952518777758,1.3957876384208971,0.537008845524325,1.4219916308392258
4,1.0,1.000009397770763,0.9423522192111606,1.1303103147341842,0.9422179666955011,1.1294432152349734,0.9422179666955011,1.1294432152349734,0.9478162473760984,1.0732735840050542,0.9478140119610826,1.0732599018281501,0.9478140119610826,1.0732599018281501,0.900427122916747,1.0876716159171578,0.8855422184741915,1.0983306787370957,0.55482751000878,1.4325030478234821,0.5418410937307465,1.4401386494549335,0.6177579860421073,1.5877585090827462,0.5992601206323576,1.5950341826852463
5,1.0,1.0000094649943658,0.9381380158172081,1.1496037200051457,0.9381215383085934,1.1489140987102722,0.9381215383085934,1.1489140987102722,0.9325013906694716,1.078153134838869,0.9324984398082424,1.0781476948170812,0.9324984398082424,1.0781476948170812,0.8826160241370824,1.090013590237146,0.8633229769344247,1.1003244771088658,0.506071586053782,1.6825008617049306,0.49066894485022033,1.7004007007565707,0.5203858311646098,1.7235011192913912,0.5216345481850727,1.7912999173793873
6,1.0,1.0000085777357148,0.8924903236514249,1.0748509372583588,0.8926014760102804,1.0742885720608493,0.8926014760102804,1.0742885720608493,0.9215653934867107,1.0466711716364043,0.9215622175084122,1.046659993228693,0.9215622175084122,1.046659993228693,0.8632098175747182,1.0567701982390927,0.8473973893924693,1.0649887990887745,0.459698196445905,1.3009354066889758,0.45067094984994877,1.3131814796396701,0.5250297575791303,1.4263183493011558,0.5104416458567627,1.4362771738649316
7,1.0,1.000009397770763,0.9204021510170841,1.0960143535758788,0.9208107066041917,1.095485253731536,0.9208107066041917,1.095485253731536,0.9229351804150483,1.0636279049244217,0.9229315130322806,1.0636126209091477,0.9229315130322806,1.0636126209091477,0.8616597550832328,1.061246086164452,0.8515743702055281,1.0720552387973603,0.5526116376192872,1.5275576527901509,0.5449004668291254,1.5517590553975076,0.529818714252716,1.397201019955202,0.5183198034192945,1.4183430186894206
8,1.0,1.000009397770763,0.8550949073655879,1.077655600461104,0.8549477228395391,1.0768820891750508,0.8549477228395391,1.0768820891750508,0.9001445909237304,1.0663993008087616,0.9001393005536587,1.066397872238042,0.9001393005536587,1.066397872238042,0.8631568429429158,1.0922783239535943,0.8443616247684755,1.1056806487551794,0.5723981233848155,1.8050024537993565,0.568182132628586,1.8664015472316766,0.6282811928376963,1.688711085126166,0.6061912321740823,1.702169589441408
9,1.0,1.0000081872830517,0.5523744463908619,0.854568121726368,0.5518340515601079,0.8521571098930112,0.5518340515601079,0.8521571098930112,0.788838336553831,0.9932096578238436,0.7888633105466301,0.9932234471861908,0.7888633105466301,0.9932234471861908,0.7186514860493883,1.012109624843726,0.6986962553777569,1.012084390886585,0.49743458930060314,1.4925207447632325,0.4674195860676855,1.483049986264703,0.550635135623328,1.5186704599376033,0.513290713711087,1.535945073150186
10,0.9994715756181195,0.9997396363836301,0.8998339642029898,1.0954794816529738,0.9000248522815554,1.0945143788781875,0.9000248522815554,1.0945143788781875,0.9362127102167129,1.0681975844336706,0.9362088137494691,1.0681872400743655,0.9362088137494691,1.0681872400743655,0.9060578805440471,1.098798060454505,0.8922999152115828,1.1138754866755574,0.6540282865062625,1.5821895496654106,0.641683867424167,1.5957337208660682,0.6647800473536213,1.575118982707661,0.6328977489703238,1.574855915474652
11,1.0,1.000009743789258,0.8487886578104307,1.0351180775775088,0.848688772799154,1.0342902955849131,0.848688772799154,1.0342902955849131,0.8882326113968901,1.0319355212517836,0.888227833174502,1.0319237180738021,0.888227833174502,1.0319237180738021,0.8243121785650878,1.0357742670155958,0.8099262697776624,1.0439282935602463,0.4215918479742542,1.1795046744370634,0.40346579035902863,1.171751226655907,0.43351274089640424,1.1888463036664367,0.40476851527122626,1.1760519970144478
12,1.0,1.0000094649943658,0.804503585479055,1.0444212686021543,0.8072895081356662,1.0449249438507655,0.8072895081356662,1.0449249438507655,0.8736945431503986,1.0265326928053369,0.8740936844330565,1.0267621012850323,0.8740936844330565,1.0267621012850323,0.8580158425172189,1.0713840372589056,0.8360252144135526,1.08152916510311,0.535148282085097,1.495753793425281,0.5251525520675155,1.5190499068573151,0.5679178841582665,1.542920509215138,0.5517941217705615,1.5863875813567099
13,1.0,1.0000094649943658,0.827440956859472,1.0662551177272375,0.8279963380861599,1.0638437962257632,0.8279963380861599,1.0638437962257632,0.8955175982586174,1.0410024768489212,0.8955108890730485,1.0409928696922164,0.8955108890730485,1.0409928696922164,0.879507035709382,1.0879926665324642,0.8564368197745023,1.097456883797247,0.5798307617010448,1.550678086463685,0.5693114175167746,1.5722990725040848,0.5694055315921667,1.5686991880831753,0.5462909396697414,1.6011603024617211
14,1.0,1.000009397770763,0.7043251188421547,1.2726101292035945,0.7047137337736158,1.2711761284268357,0.7047137337736158,1.2711761284268357,0.9039296968067119,1.1086574344942928,0.9039246836337327,1.1086485897453666,0.9039246836337327,1.1086485897453666,0.8781202330195867,1.1560188479534868,0.8678390466559875,1.1827047165205795,0.6619781892408995,1.976680013394808,0.6607512059682786,2.0168164629487166,0.7581066179590591,2.0746715001891682,0.7359853051744913,2.1615129503474417
15,1.0,1.0000081872830517,0.6369639242435927,1.0386400616773865,0.6391179322731212,1.0370799313059151,0.6391179322731212,1.0370799313059151,0.8274765930895438,1.0200268702074562,0.8274678372460867,1.0200193131983841,0.8274678372460867,1.0200193131983841,0.7898875497435347,1.0344673132478226,0.7596262663386316,1.0355486331766843,0.4823050867221257,1.3915675633595403,0.4745107538076533,1.4148718565254608,0.5979934524815633,1.5604812539898127,0.5680942046182567,1.5778173242762823
16,1.0,1.000009397770763,0.8512801922092749,1.0485344489453345,0.8516001250699287,1.048336649684197,0.8516001250699287,1.048336649684197,0.9065172565772383,1.0467117214408537,0.9065447525803382,1.0467036985552505,0.9065447525803382,1.0467036985552505,0.8471719114094214,1.0478850318710176,0.8367600829023101,1.0569754859149012,0.4636190974285782,1.2879833574384203,0.45098868331666164,1.297248451594172,0.4765255080936992,1.2558365373999294,0.46233846335130196,1.2709835543014012
17,1.0,1.0000085777357148,0.7860832759437907,1.0443211372730656,0.7876195575219794,1.0426515718529978,0.7876195575219794,1.0426515718529978,0.8288507072167661,1.0127142289644366,0.8288424216655226,1.0127044391035356,0.8288424216655226,1.0127044391035356,0.799235674212726,1.0587097497638642,0.7865341577741314,1.0726317858063756,0.5518790095587356,1.607128358675362,0.5330899148950989,1.6265695832624427,0.6466777912383556,1.6907815313030905,0.6030838365378048,1.7022499928931853
18,1.0,1.000009397770763,0.8882027185242765,1.078105289058441,0.8887888237684246,1.0778565394866197,0.8887888237684246,1.0778565394866197,0.8983551428035976,1.0360857676563326,0.898348815300853,1.036071103308144,0.898348815300853,1.036071103308144,0.8844546930557342,1.0785440384730416,0.8565660065713481,1.0812520303351099,0.4488176186890521,1.4206899120399819,0.4372128282984774,1.4338337865332336,0.4333366363508551,1.4902058702067613,0.4221343041450223,1.548345407597493
19,1.0,1.0000095331866181,0.7955307624204204,1.0332747318226216,0.7947607518580295,1.031869586357876,0.7947607518580295,1.031869586357876,0.8487217251607422,1.026430287770779,0.8487124786695064,1.0264099885766453,0.8487124786695064,1.0264099885766453,0.8639180326657421,1.0976892290935019,0.8409644171806561,1.1117305139599687,0.5910416031334833,1.927540329865729,0.5764230888920636,1.9652114162127743,0.6004078696347882,1.8690585074923454,0.5724464634501055,1.9530909248982116
20,1.0,1.0000095331866181,0.949414012061812,1.1333120589880596,0.9495353437705145,1.132689749863961,0.9495353437705145,1.132689749863961,0.961312153652462,1.1041738887053911,0.9613106612391947,1.1041698216035443,0.9613106612391947,1.1041698216035443,0.9404689847774584,1.1480498278881837,0.9337339672772675,1.1694364555069066,0.808800047856477,1.9996618094681589,0.8057936936203722,2.0394297595709148,0.8136425098277945,1.9128739663329366,0.811177429844161,1.984863300589658
21,1.0,1.0000094649943658,0.9062712440354688,1.0997451205460895,0.9061466818775834,1.099028975761046,0.9061466818775834,1.099028975761046,0.9333597785949564,1.0701519039323453,0.9333567502651716,1.0701330574970755,0.9333567502651716,1.0701330574970755,0.9068345702733882,1.1037688261770477,0.8931388723074318,1.1199456615080214,0.6699073919702674,1.644828501181909,0.6631233188664462,1.6614589964510265,0.6820252977267789,1.575368039768478,0.6709712524666201,1.5962791484990067
22,1.0,1.000009397770763,0.8631005765331187,1.0649505290487584,0.8634532045745423,1.0645445978905654,0.8634532045745423,1.0645445978905654,0.8828957986643186,1.0431977320292194,0.88288627586246,1.0431818147025118,0.88288627586246,1.0431818147025118,0.849443592708863,1.0705957044552286,0.825264868161882,1.0777887842630705,0.40563992099774027,1.59848149799364,0.3938476632568529,1.6453190480899382,0.43668034506869374,1.5871680557380976,0.43044428537155766,1.6248766830590424
23,1.0,1.0000094649943658,0.8260530791686159,1.0457000259220148,0.8260968732573459,1.0446062081213014,0.8260968732573459,1.0446062081213014,0.8790118567913939,1.0340596477062105,0.8790062554370548,1.0340457335642703,0.8790062554370548,1.0340457335642703,0.8237430720049332,1.0477385098040484,0.8050296932766013,1.055431180827714,0.38413365862329857,1.272832538085664,0.37974188055813923,1.2721795555573359,0.3948031277053996,1.4039085655620542,0.39332986399051223,1.4012223267054633
24,1.0,1.000009397770763,0.848886671349376,1.034550884491369,0.8490048497398185,1.0337548086767634,0.8490048497398185,1.0337548086767634,0.9075411945987492,1.0389793689849547,0.907537313380734,1.0389592578108073,0.907537313380734,1.0389592578108073,0.8540055883270268,1.0519488172112488,0.8386436775614419,1.0603601960046678,0.4693643997078924,1.3340432871018912,0.46266809719442453,1.3454267878049895,0.48104153671311567,1.3514092275622254,0.47389788586514536,1.3776393374817004
25,1.0,1.0000094649943658,0.9101570067372116,1.093067973565902,0.9101396917421735,1.0920542220476266,0.9101396917421735,1.0920542220476266,0.9256689892186157,1.0637725958274737,0.9256654175977651,1.0637619438477028,0.9256654175977651,1.0637619438477028,0.8893899553081528,1.0822731451585206,0.8705667696590158,1.0913646123628549,0.48295663089983387,1.4537984762298175,0.4759272463283487,1.468694947915691,0.4363621596644046,1.3918559064911589,0.4314354828239842,1.415907241601931
26,1.0,1.000009397770763,0.9463363893894314,1.1174544992693398,0.9462074335041155,1.1168262307735262,0.9462074335041155,1.1168262307735262,0.9096959912699578,1.0462801111028144,0.9097590621108868,1.0462835962878436,0.9097590621108868,1.0462835962878436,0.8530330542984592,1.0635888244469924,0.8406527323875105,1.0732286068846364,0.5014374935018913,1.3955260072685851,0.49091719880381685,1.405815131891496,0.5483611023719632,1.4236794022186394,0.536350076752914,1.4561819058679828
27,1.0,1.0000094649943658,0.9583951839925563,1.1157571634402865,0.958477879909465,1.1150172107283545,0.958477879909465,1.1150172107283545,0.9471546490046281,1.088227875190366,0.9472172934037502,1.088241521738021,0.9472172934037502,1.088241521738021,0.9052206664459035,1.1143968762290641,0.8950471703042691,1.1313614602624538,0.6688935681181615,1.766655026725956,0.6580884179849612,1.796126363443473,0.6380275395987052,1.710213971975134,0.6292585875338282,1.7746729099570213
28,1.0,1.000009397770763,0.7560717153239501,1.0033203919482758,0.7558931953231213,1.0025103887764233,0.7558931953231213,1.0025103887764233,0.8852843558134318,1.0292360919940853,0.8852778685395052,1.0292195282618906,0.8852778685395052,1.0292195282618906,0.8833035215625127,1.0859719153012524,0.8630165269946064,1.0951592078496895,0.5290697637521217,1.4222887520116818,0.520779224385136,1.436052030322805,0.6304125832478962,1.5546113195715572,0.6173462869234931,1.5754322098394526
29,1.0,1.0000081872830517,0.7910918571678216,1.098124782182543,0.7923633175664065,1.0984207816678537,0.7923633175664065,1.0984207816678537,0.8858664574242271,1.0514605447618872,0.8859637027560382,1.0515285307255327,0.8859637027560382,1.0515285307255327,0.8134470470099702,1.076944626130055,0.7963777506782908,1.0903245741875343,0.4644040774251824,1.6919248209604683,0.4537118182531142,1.734562576454969,0.5201242320473141,1.4796315970946845,0.497436416295157,1.4984240404344495
30,1.0,1.000009397770763,0.9060198878434693,1.1243113623455383,0.906011603963697,1.12325940533984,0.906011603963697,1.12325940533984,0.9034926662904704,1.0459670636843679,0.9034890585799593,1.0459513215809397,0.9034890585799593,1.0459513215809397,0.8585242452805882,1.0638550381600902,0.8437890945184524,1.0724540366369957,0.4666021719245073,1.3665067501949024,0.4563828207070089,1.3732430584994735,0.5578616874420623,1.4614701922570479,0.5461599815902936,1.479321031511782
31,1.0,1.0000094649943658,0.8368553996262286,1.0316287472715036,0.8368321735530643,1.030819261944243,0.8368321735530643,1.030819261944243,0.8758152649148648,1.0202158272253397,0.8758102965140253,1.020209314592827,0.8758102965140253,1.020209314592827,0.8321591708799773,1.0508661691309868,0.8150681188452346,1.059751317014541,0.47738059081657447,1.3948089150702583,0.4632736479630191,1.4033905527063935,0.514417423617537,1.4927489248644408,0.49604870010447993,1.5259575266243852
32,1.0,1.000009397770763,0.9282700893874332,1.1209748250375606,0.9282718949805989,1.1199810353579822,0.9282718949805989,1.1199810353579822,0.9103345033691881,1.0542958491575352,0.9103305967295487,1.0542937489760622,0.9103305967295487,1.0542937489760622,0.8404054238489053,1.0631342232270375,0.8235348703855424,1.0709204307764757,0.5448408994405496,1.38038796975579,0.5297854115109146,1.386223129097168,0.6473633101572009,1.484408795291186,0.6143374579111086,1.488391826204193
33,1.0,1.0000094649943658,0.946553859740973,1.1317868798784527,0.9466753167286341,1.1310159377173186,0.9466753167286341,1.1310159377173186,0.9569403474082657,1.0893742637820654,0.9569387539902948,1.0893682440736405,0.9569387539902948,1.0893682440736405,0.9190834988893146,1.1283556455769892,0.9110663896633178,1.1477524747883625,0.7373709677836839,1.7437083173936279,0.7339439031294539,1.7765621133680438,0.7631318774259436,1.900174365873954,0.7590532468822138,2.004601564803522
34,1.0,1.000009397770763,0.9288991369896156,1.2017029134625,0.9286707776956609,1.2002650535899828,0.9286707776956609,1.2002650535899828,0.9401290732751917,1.122079227854058,0.9401228698271826,1.1220602084581819,0.9401228698271826,1.1220602084581819,0.9376984040320909,1.1997363621410528,0.9245368728183555,1.2312382919242908,0.6914384750650744,3.8574225489647747,0.6878806495231498,3.989912421509479,0.698376047048486,4.107151095887873,0.6919820436079304,4.053946429884363
35,1.0,1.000009397770763,0.9311915002716369,1.1119494147689264,0.930989867222818,1.1109377118635104,0.930989867222818,1.1109377118635104,0.9317263262443631,1.0571864287522432,0.931723114075505,1.0571771411353132,0.931723114075505,1.0571771411353132,0.881917044407099,1.082228487252734,0.8701382198704163,1.0938599237732496,0.5325804238027252,1.4578702490764515,0.5198072533091146,1.4675714036500933,0.5472048135548052,1.5147249907663658,0.5247709542039429,1.5143124544038504
36,1.0,1.000009397770763,0.8240466263326368,1.0352327954856109,0.8240862039201335,1.034281902791683,0.8240862039201335,1.034281902791683,0.8760515150005471,1.0339923322837263,0.8760455829676221,1.0339764875600095,0.8760455829676221,1.0339764875600095,0.8369069199776813,1.0748826658335264,0.8167883926703194,1.0853469588580322,0.3287550351933028,1.2927074716504237,0.32557751880051466,1.3135239158668104,0.32073531543401074,1.2380458543808788,0.32351300156438423,1.2730126367409258
37,1.0,1.000009397770763,0.9167166005112787,1.120096751557154,0.9167066448035819,1.1188754109866301,0.9167066448035819,1.1188754109866301,0.9430648723456259,1.0825566388514687,0.9430626280314336,1.082545231907693,0.9430626280314336,1.082545231907693,0.9246718072487642,1.1293846765128337,0.9124733377562908,1.1464603162934526,0.679441829567299,1.961241475371623,0.6781257157367004,2.003705710767931,0.7416333559779575,2.2872656634679056,0.7426775224778164,2.324949908509623
38,1.0,1.000009397770763,0.7703611571277772,1.0897360336320305,0.7695940773339395,1.0863277373887934,0.7695940773339395,1.0863277373887934,0.9076715236674229,1.0762292502896824,0.9076660037867565,1.076222040676187,0.9076660037867565,1.076222040676187,0.8564845579823637,1.0965580212178838,0.8384216204564172,1.1133582376495648,0.6155158500043469,1.6934933641557492,0.6077446067438939,1.7158465641718266,0.6289970216338414,1.6887780498527676,0.6112418326586166,1.72075912562985
39,1.0,1.000009397770763,0.822277499749514,1.0406779125187344,0.8211158255646733,1.0387287737098616,0.8211158255646733,1.0387287737098616,0.8413746841504869,1.0070895805874969,0.8413670882853712,1.0070764555365073,0.8413670882853712,1.0070764555365073,0.8218113352429365,1.0473159010937871,0.7964647880140054,1.0520718264223337,0.4012099889625106,1.33581556376859,0.3824073415100747,1.3434011967937183,0.4675707125815169,1.3950020880945586,0.4353448086657788,1.4170728564398989
40,1.0,1.000009397770763,0.8882420903961258,1.06742715457908,0.8883126715342755,1.066752928227429,0.8883126715342755,1.066752928227429,0.8790734655292844,1.0336728338606138,0.8790683715566828,1.0336627766973165,0.8790683715566828,1.0336627766973165,0.8476846982931132,1.0614048541088994,0.827907580890091,1.0699437352194168,0.5003575982789916,1.5746305155860143,0.4922214719055232,1.5913234916334562,0.5457179731703681,1.8366074321997594,0.5337586097965293,1.9379225917309273
41,0.9983882828890931,0.9994479582366893,0.8359223188364229,1.0280251023204767,0.8401764542311074,1.0303808160782124,0.8401764542311074,1.0303808160782124,0.9059727766337868,1.036910060171454,0.9060889674950932,1.0369752244028474,0.9060889674950932,1.0369752244028474,0.8525756603909974,1.0529553396334896,0.8375081582007964,1.0616360497117754,0.5127682837149028,1.4615397815974096,0.5065962711642291,1.4879439645446093,0.5559737667929816,1.6030346987878694,0.5419200987032264,1.6658017866276138
42,1.0,1.0000096725620395,0.8915991984121849,1.0629198046199904,0.8917965054489372,1.0625683376960748,0.8917965054489372,1.0625683376960748,0.9144725270185005,1.0363738452209337,0.9144680695848055,1.0363685471180524,0.9144680695848055,1.0363685471180524,0.8882419414129206,1.0655620709477847,0.8695659449733842,1.072426318496091,0.533509685865216,1.4030304753272413,0.5250970081894126,1.425779619945796,0.4822565703447107,1.382574756869004,0.48006167787818466,1.4005035524958416
43,1.0,1.0000094649943658,0.7804923086939279,1.1479841783430322,0.780446003771399,1.146420035194543,0.780446003771399,1.146420035194543,0.8679350154715267,1.0650937916518664,0.8679293088295055,1.0650847386183468,0.8679293088295055,1.0650847386183468,0.8078698101733817,1.0609040724562182,0.785549342167576,1.070600448780893,0.367805778655,1.2774159231638025,0.36389476630589374,1.2998078145699268,0.537328141646554,1.5829235827056587,0.5067790299371792,1.5696975193344458
44,1.0,1.000009397770763,0.7113033794664124,0.9553086922829074,0.7122067588998465,0.955480127488278,0.7122067588998465,0.955480127488278,0.8295789911821808,1.0078854678158018,0.8295719207377712,1.0078759922438632,0.8295719207377712,1.0078759922438632,0.766729413432415,1.0274173025041962,0.7543081690338003,1.0393366131470518,0.5070217974182263,1.777699424725798,0.5001807860401495,1.8187920381862874,0.5382000083068953,1.5660326298358243,0.5169364948546684,1.6092304501577046
45,1.0,1.000009397770763,0.7166544084936873,0.9340349030853987,0.72461720364763,0.9395077187209863,0.72461720364763,0.9395077187209863,0.857580207046319,1.0017935595436815,0.8575717089611177,1.0017744988218138,0.8575717089611177,1.0017744988218138,0.8069812237261946,1.0141938232444099,0.7918738754136598,1.0206041820166771,0.521095150052967,1.3488919725318282,0.510838841822037,1.3612642836238737,0.5311779141353378,1.270774493456688,0.5069688901381,1.276122873404927
46,1.0,1.000009397770763,0.8774764505046695,1.0790114800058193,0.8772351630294448,1.0780667091207992,0.8772351630294448,1.0780667091207992,0.9210361311817632,1.052090578266509,0.9210327292885852,1.0520733978328989,0.9210327292885852,1.0520733978328989,0.8781274295446263,1.0735017747272266,0.8617898177896185,1.083446165122194,0.5221694025602271,1.406441599940523,0.5150391001654452,1.4237891389087785,0.5227145633209576,1.4151898014957303,0.5042612201039886,1.416328243343107
47,1.0,1.000009397770763,0.9382113695179207,1.2806980679992475,0.9379546108889361,1.2800571885859953,0.9379546108889361,1.2800571885859953,0.9336942219759345,1.1351767760644773,0.9336908956300863,1.1351599273315416,0.9336908956300863,1.1351599273315416,0.9132782350439331,1.1666659715173946,0.8975649012779151,1.197157522002417,0.7105483436281809,2.275628727029737,0.707787934705378,2.3634510696377564,0.6372740447629968,2.0491503678778233,0.6346863877881102,2.1504810687248304
48,1.0,1.000009397770763,0.9240049133950098,1.1501132593259917,0.9240172467723784,1.1492091576111783,0.9240172467723784,1.1492091576111783,0.9271150611473769,1.0706518001158212,0.9271113933705702,1.0706354345300082,0.9271113933705702,1.0706354345300082,0.8860847140879894,1.093945722439687,0.8674364793698833,1.1070644028970689,0.5615108652957567,1.5570683968410448,0.5541371236904498,1.5889241211564846,0.5633733850470503,1.6095175821384817,0.5560046924761745,1.6550479098677515
49,1.0,1.0000094649943658,0.8558477211298368,1.0539065986977016,0.855922486848538,1.05330819412995,0.855922486848538,1.05330819412995,0.8849888272766482,1.0593011984341636,0.8850691163279899,1.0593225927158754,0.8850691163279899,1.0593225927158754,0.8238542801499378,1.10725610625601,0.8144878842811056,1.1248861785878517,0.5942571372314056,2.148268282503186,0.5817843960186618,2.250540619613251,0.6456941084815334,1.9397532728220448,0.6191630794691966,1.9990405124087272
50,1.0,1.000009397770763,0.8253762986071946,1.0627743631984146,0.8276655126076283,1.0646130597043864,0.8276655126076283,1.0646130597043864,0.9275561773689931,1.0658502683472126,0.9275518794203993,1.065839032283166,0.9275518794203993,1.065839032283166,0.898209634118561,1.0958490566227548,0.8831368168781634,1.1102252329058653,0.6612957770754491,1.5486770850646252,0.6558052540336561,1.5732140316709127,0.6928279245740263,1.5335048440117682,0.6771965099759983,1.5646159329521203
51,1.0,1.0000094649943658,0.9165179475397569,1.1107650128459394,0.916615158403229,1.1099624524961444,0.916615158403229,1.1099624524961444,0.9196959256909603,1.0504023298561869,0.9196910120276449,1.0503849234661946,0.9196910120276449,1.0503849234661946,0.887250443697005,1.0812283235577855,0.8665377832175288,1.0896566612909695,0.5045330613229865,1.5280428088890794,0.48875925827553085,1.5468805269367627,0.48204406617389833,1.5032742632417426,0.4648829768563541,1.515921082733825
52,1.0,1.0000094649943658,0.9497697346530932,1.1422154531595081,0.9497658078722875,1.1409867161413414,0.9497658078722875,1.1409867161413414,0.936152786982321,1.0770411658118104,0.9361503484031672,1.0770334930763292,0.9361503484031672,1.0770334930763292,0.913470548193624,1.1209152334500099,0.903763856428049,1.138507212472327,0.5866420205416384,1.8802293605437468,0.5836118612427648,1.90354979302599,0.6673934411194606,2.299957501770408,0.66442795700206,2.2649379361169726
53,1.0,1.000009397770763,0.8690152482267417,1.2094630751134683,0.8698999380719575,1.2091055472205479,0.8698999380719575,1.2091055472205479,0.8965434889690884,1.062745512567652,0.8966221599265456,1.0627971159840204,0.8966221599265456,1.0627971159840204,0.8482690738587847,1.1112688078912845,0.8358264292701293,1.124749266448763,0.5523918283777316,1.756132471288697,0.5350570445857178,1.7789338838399644,0.6716001297809987,1.7097950879048098,0.6412122697719628,1.7414828738031476
54,1.0,1.0000094649943658,0.8224822089514532,1.0286517292306425,0.8232702090261526,1.0288638255856994,0.8232702090261526,1.0288638255856994,0.8976683192839703,1.0412050981974217,0.8976672204786833,1.0411980960584035,0.8976672204786833,1.0411980960584035,0.823985495210853,1.0472184151807875,0.8058448268263534,1.056412274162757,0.5056930552325395,1.3531370796164077,0.49817996854471486,1.3709188464314197,0.5773743088250978,1.368216141505346,0.5597465815419547,1.3969024965154269
55,1.0,1.000009397770763,0.8553396056948166,1.0863735982139122,0.8550433590330361,1.0854625880066129,0.8550433590330361,1.0854625880066129,0.905504709769351,1.0514511261861867,0.9055000606096115,1.0514393696882782,0.9055000606096115,1.0514393696882782,0.8625622920773871,1.0623800652681061,0.8471972597738521,1.0716244559950876,0.5444861127919397,1.3941160484342983,0.5365588770701354,1.4095898396159126,0.6131522621688278,1.5153441754659283,0.5907047980955454,1.537998293478527
56,1.0,1.000009397770763,0.9254347792493046,1.1049513529519064,0.925433177880182,1.1041546586644493,0.925433177880182,1.1041546586644493,0.9341010526408431,1.0841476684449707,0.9340985085017675,1.084140297229406,0.9340985085017675,1.084140297229406,0.9037768481846401,1.1435973967439537,0.8922346810892055,1.1643736711671862,0.5599714218122486,2.074439132438647,0.5540331925444196,2.1270440987286796,0.6862834457263229,2.1824969390782853,0.6865863175478886,2.250458360879973
57,1.0,1.000009397770763,0.855469075170667,1.040807829648555,0.8554817906752501,1.0400157769332585,0.8554817906752501,1.0400157769332585,0.8954315714290442,1.0389972634459697,0.895427384412882,1.0389936823952215,0.895427384412882,1.0389936823952215,0.8513701334595272,1.0505383293104607,0.8360395614054031,1.0597291375384938,0.5573449281604326,1.561537308270222,0.5539881967729622,1.5996949403295093,0.552985498844226,1.4462778078543286,0.5446063562279562,1.4827208020049945
58,1.0,1.000009397770763,0.9296902340187401,1.0905693328536297,0.9299410679778759,1.0898565779676295,0.9299410679778759,1.0898565779676295,0.9334037599348063,1.0511687912000838,0.9334009669750107,1.0511555270432047,0.9334009669750107,1.0511555270432047,0.9071040859526904,1.0983491466400306,0.8960623073735423,1.112839244355271,0.6644317511519565,1.9902976715585923,0.6634519498492064,2.0233929710667766,0.6238614758165628,1.9112287084549053,0.6304346851194289,1.9373378177144043
59,1.0,1.0000094649943658,0.885660989861711,1.0602238313131662,0.8856762133230264,1.0593409916335033,0.8856762133230264,1.0593409916335033,0.9269218914052146,1.0560038264912477,0.9269191726513315,1.0559906793015554,0.9269191726513315,1.0559906793015554,0.8770692681350833,1.0719495940258241,0.862588365594133,1.0815602441597227,0.5800641012080447,1.5493755553913593,0.5767439592897512,1.5736252409465101,0.607635694592991,1.5327953494931517,0.5939534435034315,1.5699713856379671
60,1.0,1.000009397770763,0.7126342457848527,0.9526839847811694,0.7126003518527844,0.9517075431537824,0.7126003518527844,0.9517075431537824,0.9057337663800606,1.0413656156070497,0.9057292334810996,1.0413521333701314,0.9057292334810996,1.0413521333701314,0.8577292709414328,1.0579074455738608,0.8423030945579377,1.0675525868363012,0.46318692336734674,1.3637714642996994,0.4556676601621798,1.3766761001363248,0.5073323775848233,1.4196194337209456,0.49438154909928167,1.4455731018488829
61,1.0,1.000009397770763,0.8622089362099177,1.049384227859849,0.862750060558302,1.0489451381738477,0.862750060558302,1.0489451381738477,0.87695258559616,1.0238385080835486,0.8769446420003284,1.0238188220982969,0.8769446420003284,1.0238188220982969,0.8430361500686928,1.041789945006049,0.8183178527994087,1.0444374620864325,0.41070231752059916,1.335414779573195,0.40537875641016086,1.344201265572657,0.40810483219930765,1.2936121247847534,0.4070412389283525,1.331566324631569
62,1.0,1.0000095331866181,0.8752469596497662,1.0454711553400453,0.8748888495641944,1.0443544176395678,0.8748888495641944,1.0443544176395678,0.9245561059281627,1.0483831181378689,0.9245523848288659,1.0483672735894363,0.9245523848288659,1.0483672735894363,0.8765573741821147,1.068130049833533,0.8558424412845322,1.0750038882741968,0.5069592778783627,1.411287646311812,0.49732187825312196,1.4270673762335866,0.5586016584449378,1.510139380062178,0.552638128534569,1.5428391265786734
63,1.0,1.0000081872830517,0.9539157372232893,1.120986763524852,0.9539856661278684,1.1202764325129069,0.9539856661278684,1.1202764325129069,0.941021615508577,1.0654292313725764,0.941019449866426,1.06541604097888,0.941019449866426,1.06541604097888,0.8980794917821777,1.079302097967404,0.8835626591587026,1.0896466454434954,0.5805598026212136,1.4447571658695593,0.5716927886631945,1.4557223952897185,0.6057698891768772,1.540192732873132,0.5950405881504214,1.5493801843819017
64,1.0,1.000009397770763,0.9009490968454148,1.0988809318364463,0.9012739985092871,1.097853519422639,0.9012739985092871,1.097853519422639,0.9114354747383298,1.0490784482610322,0.9114303968272613,1.0490674711393473,0.9114303968272613,1.0490674711393473,0.8786316051371401,1.0723447039123721,0.860866817798734,1.0809809163000916,0.5332193164612947,1.3804340998459583,0.5260257099838009,1.3947619855138051,0.5744245011043138,1.4660294097162339,0.5655504896291033,1.5003933664024018
65,1.0,1.000009397770763,0.8092158784752954,1.021408733522598,0.8098601745281864,1.0210619782599344,0.8098601745281864,1.0210619782599344,0.8854780382450382,1.029010784895518,0.8854722548410006,1.0289933100582112,0.8854722548410006,1.0289933100582112,0.8259843627909242,1.0305917251712264,0.7984333247494192,1.0308655023475992,0.45127561467133487,1.319152018398653,0.43720435142118125,1.32743494340246,0.47586857980205044,1.317334591348967,0.46364322824603565,1.3445066225694982
66,1.0,1.000009397770763,0.8254601262962,1.03405869230169,0.8267580737954561,1.03373526727583,0.8267580737954561,1.03373526727583,0.8915718548776761,1.040373575126209,0.8915668085673019,1.0403636267328034,0.8915668085673019,1.0403636267328034,0.8550219719904246,1.07026974807601,0.8422449917979893,1.0826692170310865,0.5935437172961755,1.4629671554568944,0.5887695787359227,1.484591843378939,0.6265533434213093,1.5382686798065002,0.6037107390321733,1.5670087333370013
67,1.0,1.000009397770763,0.9447475277816324,1.1289463558116797,0.944740950762573,1.127715510194024,0.944740950762573,1.127715510194024,0.9225613847709198,1.070109364232134,0.9225579758040585,1.07010018623836,0.9225579758040585,1.07010018623836,0.875894240468066,1.1098377225002154,0.8579460161693998,1.125004890990264,0.46857907001008836,1.981811558503901,0.4629760026733628,1.9986767668773493,0.5621397118840317,2.018945639654247,0.5577038800937565,2.1156722043287104
68,1.0,1.000009397770763,0.9392654515418792,1.1343254999968546,0.9392780040421413,1.1335311616594692,0.9392780040421413,1.1335311616594692,0.9258865953925699,1.0627992615223678,0.9258839215165869,1.0627862306797289,0.9258839215165869,1.0627862306797289,0.8933664707197574,1.1023882797841382,0.8770728637251128,1.1165374469405414,0.6199594528598485,1.895940196712709,0.6168951625644097,1.933879648579874,0.660884396697579,1.9850459602719346,0.668416121574371,2.0478377548462134
69,1.0,1.000009397770763,0.921930637452963,1.0980271546314582,0.9219582510301343,1.0973366815430807,0.9219582510301343,1.0973366815430807,0.9171065068379102,1.0497065682013673,0.9171035085692605,1.0496882625308208,0.9171035085692605,1.0496882625308208,0.8642003085543472,1.0663938286866794,0.8500258565640483,1.0769635633914612,0.48677035349659387,1.3913480672237337,0.47881284905271143,1.4126639537242986,0.5116811114715081,1.4576043986467353,0.5076848782674235,1.4919576963041414
70,1.0,1.000009397770763,0.8541200841831497,1.1324271110389976,0.8540971749482523,1.1306340409873303,0.8540971749482523,1.1306340409873303,0.9250017099152131,1.106575482697402,0.9249984683112078,1.106572671079625,0.9249984683112078,1.106572671079625,0.8599522577556767,1.1527115862345658,0.8450219871240726,1.172847182870658,0.4832698893468768,2.3798327593869106,0.48118920046689195,2.3870465120129793,0.5123446538649075,2.064954883992754,0.5054477452695048,2.152061152149831
71,1.0,1.000009397770763,0.8594695646951187,1.0502304339602138,0.8599883004021471,1.049996057395466,0.8599883004021471,1.049996057395466,0.9016687455838361,1.0579321738864276,0.9017047755700409,1.057934980279301,0.9017047755700409,1.057934980279301,0.8457871624415949,1.0599210190712067,0.8241692755305656,1.0676304734919075,0.5124143308242779,1.5736449715337673,0.4990574511666547,1.601201689375559,0.6052396433844119,1.8208432916540984,0.5839631614149179,1.8584613323291281
72,1.0,1.000009397770763,0.8343601019284325,1.1122096481276345,0.8358865108324501,1.1137551597884678,0.8358865108324501,1.1137551597884678,0.8719541650674486,1.0561327681098358,0.8720641509506439,1.056217626155174,0.8720641509506439,1.056217626155174,0.7905272537687857,1.0706249600140305,0.7706269432918671,1.0845078793442222,0.4889505181140198,1.947646618123312,0.4809938425166441,2.0442894842296377,0.49912683900598964,1.7572467090930433,0.46156110813567947,1.7861737281700685
73,1.0,1.000009397770763,0.9393821074142817,1.1116907519268602,0.9393824292442898,1.1111510272425829,0.9393824292442898,1.1111510272425829,0.9559451810241113,1.0828791237267492,0.9559427785043575,1.0828685017014479,0.9559427785043575,1.0828685017014479,0.9234052539537355,1.1417697694140312,0.9169129069880636,1.1611922090656426,0.6732484972820867,1.8391097825433826,0.6704868233285592,1.8708443747330727,0.6720509711880158,1.8908599266867019,0.6719442942072946,1.9389304070742794
74,1.0,1.000009397770763,0.7922791191919852,1.0057538147631062,0.7927520146505046,1.0055212803653224,0.7927520146505046,1.0055212803653224,0.8744032364483179,1.0218545988281922,0.8743978675774411,1.0218449718463067,0.8743978675774411,1.0218449718463067,0.827969165096041,1.0422437681038002,0.8162315347947893,1.0525980588458619,0.5319564792677997,1.3640645079563785,0.5282131131510466,1.3858252561438706,0.5168948942637351,1.301547983970652,0.49126627110119525,1.3079477382375269
75,1.0,1.000009397770763,0.9443868082077609,1.1246091061735428,0.9444990015796414,1.1239004609507293,0.9444990015796414,1.1239004609507293,0.9368789511347616,1.057080525256369,0.9368763371951931,1.0570699029533541,0.9368763371951931,1.0570699029533541,0.9027949006361645,1.0880721948522627,0.8921976823343771,1.09967752386384,0.6105967575335839,1.5115269657256711,0.6025753135189633,1.5248949610741982,0.6756426335086317,1.6490289566859315,0.6618106686441791,1.672594305332075
76,1.0,1.000009397770763,0.880955434759931,1.1132905393150991,0.8815021555972942,1.1131261098037653,0.8815021555972942,1.1131261098037653,0.9208153645827112,1.0751515265841962,0.9208117249960217,1.0751388112542717,0.9208117249960217,1.0751388112542717,0.8797507506310975,1.1034222351998726,0.8660976035688055,1.1199675886652907,0.6812229006619657,1.8425996985859747,0.6775871835241674,1.8778511584666555,0.6298902269499923,1.798264604529316,0.6126324946021405,1.839068395040338
77,1.0,1.0000095331866181,0.8312746004244961,1.0491349867584157,0.8321137680532467,1.0489387255953504,0.8321137680532467,1.0489387255953504,0.9070975894584425,1.050405561864752,0.9070935767585157,1.0503936707644927,0.9070935767585157,1.0503936707644927,0.8628054880720757,1.070285475729843,0.844569653214808,1.0807608514607554,0.6096177458386091,1.5966437937680427,0.6032350323321255,1.6249883970615515,0.6107764118377659,1.590856673233933,0.5864584918878375,1.6168156330814865
78,1.0,1.000009397770763,0.942326320599132,1.1160983975001877,0.9422619171316317,1.1151534587574348,0.9422619171316317,1.1151534587574348,0.9480900490788681,1.0682396709472997,0.9480879212886357,1.0682272972450644,0.9480879212886357,1.0682272972450644,0.9239312500376343,1.1067914037119329,0.9149921853658697,1.1220550489246777,0.6794207352046854,1.8932802470414558,0.6736168909078252,1.9195500150835085,0.7215222186635832,2.173038677721969,0.7190076605365258,2.311610163949567
79,1.0,1.000009397770763,0.9232897138514226,1.1054374434203238,0.9234123755852846,1.104805534788509,0.9234123755852846,1.104805534788509,0.9413010384275985,1.0624206017102706,0.9412982413822479,1.0624100242092156,0.9412982413822479,1.0624100242092156,0.9209770457855587,1.0960909510448014,0.9107050686313556,1.1098060315647769,0.5968706020631211,1.531564546504393,0.5883669444830562,1.5489075811447777,0.5883256453543784,1.525358544076869,0.5822142569841706,1.5630782655222148
80,1.0,1.000009397770763,0.8600446213633134,1.073724191552755,0.8614731483088558,1.0714524250081434,0.8614731483088558,1.0714524250081434,0.88053484285388,1.0257015645588337,0.8805268951943157,1.025635343208769,0.8805268951943157,1.025635343208769,0.8381740931648972,1.0556414790580764,0.8143565915576895,1.0610854959828802,0.5693619783055034,1.4697400439955992,0.5475227610580392,1.4684743409199825,0.5719356628287231,1.3804668104529763,0.5537718568321518,1.3986121137061875
81,1.0,1.000009397770763,0.8330697493397464,1.0297118449192602,0.833140900442959,1.0290524361986093,0.833140900442959,1.0290524361986093,0.8720242230714568,1.0171556050556352,0.8720186633348191,1.0171487576759914,0.8720186633348191,1.0171487576759914,0.8119333375912934,1.022039638726962,0.7891462556498592,1.02503996221242,0.5084833591407812,1.3053947861832396,0.4989412059904538,1.3198633752508158,0.5008549504843911,1.2743122300055223,0.4726857470075629,1.2816416321404662
82,1.0,1.000009397770763,0.8170088874961831,1.1510461418368982,0.8170477558232452,1.1499274055367366,0.8170477558232452,1.1499274055367366,0.8720882316826936,1.0603303790568983,0.8720823859709912,1.0603180510056605,0.8720823859709912,1.0603180510056605,0.788778148396513,1.0545539893575708,0.770092371408096,1.064252420312738,0.45631785484071613,1.3881385510675641,0.4533380665648168,1.4132738210601168,0.4993548315332637,1.4094370507869087,0.47587093322434554,1.4162256054410893
83,1.0,1.000009397770763,0.8558245327114193,1.1075319415113878,0.8560730592878982,1.1070072130739053,0.8560730592878982,1.1070072130739053,0.8975243201982799,1.0349302575466572,0.8975199378326681,1.0349169157648896,0.8975199378326681,1.0349169157648896,0.8695269082504637,1.066441299038496,0.8490182540093889,1.0724108520871907,0.5075677796876675,1.4688601762892768,0.49051747196300566,1.4712037584999027,0.4710509551340575,1.363824570017536,0.45075706547089334,1.3700195146903795
84,1.0,1.000009397770763,0.6940279556333715,0.9982212575526836,0.6918503534029423,0.9954847781547572,0.6918503534029423,0.9954847781547572,0.8346594815884437,1.0473907880334088,0.8348052975195405,1.0474915601793924,0.8348052975195405,1.0474915601793924,0.8242625264376621,1.1213212194029731,0.8072106538842675,1.143498374541272,0.5936221690227764,2.1394512152510075,0.5565020253970772,2.1613508041032996,0.688058135075073,2.180072478218928,0.6677321309247315,2.324786121908097
85,1.0,1.0000094649943658,0.8753836918257273,1.1181611073558544,0.8745505720290433,1.1164362375009744,0.8745505720290433,1.1164362375009744,0.9173109980352978,1.0704928215572658,0.9174006826465888,1.0705557969016124,0.9174006826465888,1.0705557969016124,0.8759957370722404,1.0802181709147225,0.856159475833835,1.0905369157925433,0.5838877579659483,1.5844246109200493,0.5706056075486406,1.5930065682640042,0.6393073683833869,1.7513035757695132,0.6297278953948989,1.784544596079751
86,1.0,1.000009397770763,0.8578221087558525,1.0797015903321514,0.8616901797722765,1.0819482102919216,0.8616901797722765,1.0819482102919216,0.8814261268621753,1.039411728831119,0.881420184195395,1.0394059013296553,0.881420184195395,1.0394059013296553,0.8477319415542375,1.0688583579348498,0.8256435019796197,1.0766329611135872,0.5415420418276587,1.6118442250666951,0.5271926111846982,1.6326613830255883,0.49299531150790055,1.458982817021013,0.47165293865418584,1.4866359339355941
87,1.0,1.000009397770763,0.9100463502544418,1.1230316460693537,0.9093149020974867,1.1212748268821928,0.9093149020974867,1.1212748268821928,0.9188864371512306,1.0790942969737929,0.9188823512965006,1.0790949815527926,0.9188823512965006,1.0790949815527926,0.8860708488572389,1.1117181183751974,0.8687079060926817,1.1275480326537959,0.6116180789880674,1.6700386813858092,0.603149205451213,1.7007013078097797,0.5875722188415848,1.5075172972969217,0.5494850275507669,1.5025761034953158
88,1.0,1.000009397770763,0.8276470169875194,1.0188038132068244,0.8276485895912298,1.0179319341913136,0.8276485895912298,1.0179319341913136,0.8538053183441484,0.9970488158838996,0.8537991044490308,0.9970379996034566,0.8537991044490308,0.9970379996034566,0.8391070458086072,1.0392518021558783,0.8145474512610523,1.0404933654475657,0.2915347303602869,0.9663892632540244,0.2837296730782268,0.9714678845661419,0.3830892053170441,1.2508139045358846,0.3745540053137685,1.264589319660357
89,1.0,1.000009397770763,0.7925471101512004,0.9973318240932675,0.7956567520386525,0.999360870706921,0.7956567520386525,0.999360870706921,0.8817146183225825,1.018890320059634,0.881708302258198,1.0188802766948601,0.881708302258198,1.0188802766948601,0.8446262690205988,1.052553417600156,0.8253420832917719,1.0610160565824498,0.5294817455438803,1.5029034795613296,0.5334791979449646,1.5537472261629117,0.6205170361374517,1.9092707934644717,0.6125537979848577,2.0236195042713163
90,1.0,1.000009397770763,0.9354202614447878,1.108707402470668,0.9352645082990904,1.1078383793160904,0.9352645082990904,1.1078383793160904,0.9073553578569069,1.0413747278588132,0.9073510278739718,1.0413628018743168,0.9073510278739718,1.0413628018743168,0.8917694679528918,1.0868169252558568,0.87788098602645,1.0990264985459595,0.6230744605851178,1.6301670105359316,0.6130957322643156,1.6490462072191556,0.7023544509362722,1.779666109043599,0.688621862783673,1.8288856153670339
91,1.0,1.0000094649943658,0.8775976748816783,1.0765046073810083,0.8776568394088269,1.0754341053144314,0.8776568394088269,1.0754341053144314,0.8946850659388309,1.045020953982742,0.8946789397929742,1.0450060937082006,0.8946789397929742,1.0450060937082006,0.8998495117881611,1.1084804012374236,0.8811545934715876,1.12411897002129,0.605180092595526,1.8147791100437718,0.5993704168110933,1.8714244847785706,0.6634785191463564,1.8980588943544,0.6442409369792645,1.9871542506400692
92,1.0,1.000009397770763,0.8765350016063209,1.0788391256350915,0.8762527694947291,1.0778904644008755,0.8762527694947291,1.0778904644008755,0.8772462268901231,1.0257852272243424,0.8772406380161583,1.0257722037881238,0.8772406380161583,1.0257722037881238,0.8545677621603172,1.0497870012466712,0.8347056003469658,1.0554259439381255,0.4336631765787768,1.3075926655040786,0.424195308590841,1.3227669846864294,0.46249801223955167,1.3504265820876311,0.438444100653947,1.3575652290915925
93,1.0,1.0000085154874656,0.8213482018187325,1.0500444310114587,0.8212655189100732,1.0492427619445999,0.8212655189100732,1.0492427619445999,0.892597528302946,1.074278763601638,0.8926664118477483,1.074278191358202,0.8926664118477483,1.074278191358202,0.8553116589684894,1.1415326990905466,0.8431442952269752,1.1565185288755444,0.6978575400102098,2.138258616989368,0.6793464722137162,2.202348290236617,0.6721569869489741,1.7286482946495012,0.6465766275851458,1.793560579154555
94,1.0,1.000009397770763,0.9218303752900556,1.0991258273664675,0.922612335935878,1.0991633851106541,0.922612335935878,1.0991633851106541,0.9378988892042356,1.069337125620077,0.9378957349117492,1.0693218002568683,0.9378957349117492,1.0693218002568683,0.8891517339135216,1.104403795088096,0.8765732822088033,1.11945329596643,0.5138566688705029,1.782538951898294,0.5031527253282005,1.8199229508845929,0.5135557648185172,1.8460828962182945,0.49324586363299056,1.8637184809345884
95,1.0,1.000009397770763,0.8897541458127156,1.1014896077176368,0.8899018096378288,1.1009473653846746,0.8899018096378288,1.1009473653846746,0.9172998202965514,1.0709476897081296,0.9172964927120064,1.070940871702572,0.9172964927120064,1.070940871702572,0.8976774470716897,1.1168701960626357,0.8867830172957533,1.1347439383766398,0.5922692501455241,1.8979014304805855,0.5869715649948676,1.9516952693840175,0.5679643864425952,2.01114675221271,0.565219535734407,2.1178798709575313
96,1.0,1.000009397770763,0.8758007139950171,1.0933357769620176,0.8753822395765762,1.0920897121630495,0.8753822395765762,1.0920897121630495,0.919223305063975,1.0979837680240916,0.9192704594761872,1.0980132386368413,0.9192704594761872,1.0980132386368413,0.8889587628124541,1.1720028785785859,0.8772945287052341,1.1971849068187654,0.6239157073293132,2.5345621285340334,0.6077086177563039,2.639620023026867,0.6457615117921829,2.059122016809327,0.6256683939103439,2.140658264187489
97,1.0,1.000009397770763,0.8411832403626779,1.029693930990653,0.8411694556700159,1.028917449379756,0.8411694556700159,1.028917449379756,0.9134424777698615,1.0441227859323723,0.9134374294139921,1.0441039562791046,0.9134374294139921,1.0441039562791046,0.8932086646403847,1.0864451363741932,0.8785892043370209,1.0992168778590063,0.6509351934713443,1.544709924704225,0.6436395584693144,1.5646759485675725,0.6415616247221377,1.500872194566972,0.6208844668334198,1.5174789740515922
98,1.0,1.0000095331866181,0.9222352884706595,1.0982042488111525,0.9222298985012465,1.0971898675135163,0.9222298985012465,1.0971898675135163,0.9213130956431229,1.0578245358856369,0.9213102695688009,1.0578135521729333,0.9213102695688009,1.0578135521729333,0.901055529200854,1.1038305357924907,0.8917806874765588,1.1197897776101908,0.6866294172069921,2.0965244057922083,0.6848721261619115,2.1214548068267307,0.7177889776999462,2.293386629730531,0.7228860962970665,2.303598849861528
99,1.0,1.0000094649943658,0.8820814271772474,1.0701639004577126,0.8820334268492743,1.0694837072981125,0.8820334268492743,1.0694837072981125,0.906182495254939,1.0372299489886858,0.9061785986716849,1.0372125238272354,0.9061785986716849,1.0372125238272354,0.87677870325149,1.0645554968312676,0.8529669818109571,1.0689090094161589,0.5898985997542756,1.5155985500169467,0.5808256325219663,1.5318265415054284,0.569565264919573,1.5232250245691616,0.5615127482034467,1.5275755057274956
100,1.0,1.000009397770763,0.8920768739305537,1.0975286991625335,0.8921114933915313,1.096756992250899,0.8921114933915313,1.096756992250899,0.9218268149050866,1.0710989990985236,0.9218224169753544,1.0710934759984716,0.9218224169753544,1.0710934759984716,0.9139100611003437,1.1154506286138548,0.8987149222661965,1.1307294764173592,0.5559369954062386,1.8063913827488203,0.5449604322279878,1.8170503516449736,0.5684246576317993,1.9661073582878053,0.5569492726579268,1.979846891241112
101,1.0,1.000009397770763,0.8238193939983522,1.050993527829268,0.831610060362609,1.054900888019405,0.831610060362609,1.054900888019405,0.9186973551741904,1.0612581180389298,0.9186924836404238,1.061253072349068,0.9186924836404238,1.061253072349068,0.9002180521587277,1.1029756042261856,0.8872306020704169,1.117879129450008,0.5983954848523434,1.8638909206596828,0.591233380887442,1.8835304473931067,0.5763600236597689,1.8222282150994575,0.5723943775970664,1.8537806705466544
102,1.0,1.000009397770763,0.9288334850356371,1.1206049662240314,0.9287893912273887,1.1199660806445046,0.9287893912273887,1.1199660806445046,0.9217649048807282,1.0716341823538433,0.9217617692204427,1.071629894938651,0.9217617692204427,1.071629894938651,0.8973528333461693,1.1343335786962037,0.8920878105941302,1.1500443635633018,0.7798191708311762,2.082876848624217,0.7762775272177389,2.1272492075566363,0.7337854830211963,1.7256776867688086,0.731506150088256,1.80292510286208
103,1.0,1.000009397770763,0.8144708459066262,1.0573558521992157,0.8150174570078079,1.057414747293808,0.8150174570078079,1.057414747293808,0.8657145192914975,1.0317822765760911,0.8657079201986886,1.0317679148714858,0.8657079201986886,1.0317679148714858,0.8334825415833229,1.0500184220603546,0.811812852992772,1.0574420005640062,0.5272027115324441,1.3898974022770738,0.5178256214732465,1.4074302903335645,0.5922407449272213,1.4558946614760668,0.5670367503267257,1.4632022389836086
104,1.0,1.000009397770763,0.8551379067478315,1.058074997779821,0.855332450798894,1.0575513496386255,0.855332450798894,1.0575513496386255,0.872891971447503,1.0391408338203223,0.8728864409023558,1.0391268734676116,0.8728864409023558,1.0391268734676116,0.8265546645011504,1.0493796252211216,0.8035249312868146,1.0570338811704425,0.4119827803220758,1.3365039819074764,0.40000720915629273,1.3534273931739798,0.4619818272140118,1.4938398614325366,0.4602554706209447,1.5707626910574517
105,1.0,1.000009397770763,0.9088800933703393,1.1096065212407584,0.9090054068105344,1.1090776721134716,0.9090054068105344,1.1090776721134716,0.8832613244060903,1.0255837196126891,0.8833626951361948,1.0256558479871611,0.8833626951361948,1.0256558479871611,0.8389373069696839,1.0353838968970415,0.8121393923983156,1.0356198713514697,0.47623952957984494,1.3814401882619551,0.45637153836172023,1.3670227529170986,0.5453228018598976,1.5868020846512902,0.5302959683199636,1.6114253581288334
106,1.0,1.0000094649943658,0.837081562176016,1.0500559279835948,0.8370827981579193,1.049283696627093,0.8370827981579193,1.049283696627093,0.8774729315480261,1.0302089332692992,0.8774673404022566,1.0301896063109408,0.8774673404022566,1.0301896063109408,0.8312346020780904,1.0480387698362466,0.8116012856099382,1.0554613775976946,0.4903576342561526,1.4751273916085683,0.4739148961566837,1.4795481979610128,0.5298430351559373,1.5022841664683388,0.500092112798829,1.502379029965909
107,1.0,1.0000085154874656,0.9462860513097642,1.143098772439993,0.9462563292910516,1.1423220626085735,0.9462563292910516,1.1423220626085735,0.9315147795435778,1.0739639982238414,0.9315119596479671,1.0739573074177902,0.9315119596479671,1.0739573074177902,0.914584581468967,1.1105376851476036,0.9045411287403933,1.1262267713328928,0.6540358153398348,1.6756319465672638,0.642644294330353,1.7031576062569178,0.6241887814833035,1.5910098145597629,0.606413673476019,1.6128813709488308
108,1.0,1.000009397770763,0.8943873939188839,1.1162482198698496,0.8943729129205942,1.1150370921301358,0.8943729129205942,1.1150370921301358,0.9111414224432115,1.050800801487769,0.9111370110998374,1.0507909053374243,0.9111370110998374,1.0507909053374243,0.8566285976357964,1.0714027484947553,0.8386511945024677,1.0818111792921823,0.3913973492012538,1.5814429776647578,0.3790316481736726,1.6171626691151546,0.45257646529034606,1.592500235725574,0.44043323820696206,1.6095187889552687
109,1.0,1.000009397770763,0.9043810652735068,1.1527109733211645,0.9044678227250336,1.1513023037261165,0.9044678227250336,1.1513023037261165,0.9227809182874956,1.1003828176656212,0.9228065450992361,1.1003847604084955,0.9228065450992361,1.1003847604084955,0.8941669996995415,1.1125502987398848,0.876473715092037,1.126369354323322,0.5912488673081064,1.7399505425981119,0.5825580000317195,1.7698995541178717,0.6067578701484869,2.0442576932851333,0.5989491282322323,2.0678083781019003
110,1.0,1.000009397770763,0.7385543004381496,1.0089324618778372,0.7394592085856833,1.009049425250624,0.7394592085856833,1.009049425250624,0.8525828173135455,1.0014030182378888,0.852674203128213,1.001459851765559,0.852674203128213,1.001459851765559,0.807805804941413,1.0241391836962301,0.7913386941292874,1.0314690001180526,0.4824996811324397,1.3092090586146607,0.47042075227610036,1.3147234355055202,0.5752763651176791,1.394197757368093,0.5559575612348195,1.407173229794995
111,1.0,1.000009397770763,0.7942366544541206,0.9956955145078757,0.7945676475152765,0.9953558096104732,0.7945676475152765,0.9953558096104732,0.8594412897148352,1.0142924709541155,0.8594344759172508,1.0142815582815845,0.8594344759172508,1.0142815582815845,0.8289484164779696,1.0510608064528248,0.8017881531020727,1.05408770247148,0.3393937884241344,1.2950067076890366,0.3357115032960176,1.324790487793969,0.4395599973924356,1.5842025880789072,0.428199633668852,1.583915147061964
112,1.0,1.000009397770763,0.8784140990994513,1.0711936077132214,0.8782501440547502,1.0702260116336617,0.8782501440547502,1.0702260116336617,0.8960662123540425,1.0360613646699903,0.8960615432813335,1.0360467031591272,0.8960615432813335,1.0360467031591272,0.8629053657563432,1.0721130059669257,0.8504763521337481,1.0817270177426113,0.5938375710082096,1.4136615929619838,0.5854485763696051,1.4335537144945005,0.6625861808653912,1.483522492561428,0.6422042746851206,1.511292537588977
113,1.0,1.000009397770763,0.9109526749748476,1.123439847446742,0.9110777875547811,1.1220521699810708,0.9110777875547811,1.1220521699810708,0.936758173341887,1.102441962083127,0.9367543092856359,1.1024323162282461,0.9367543092856359,1.1024323162282461,0.9184413591291485,1.142169682465351,0.9026540845831871,1.160836363705631,0.6691340497075288,2.2728376234515473,0.664596350785667,2.2980756386918046,0.7489121557244294,2.9103218125086396,0.7513620300858405,2.8535134063005247
114,1.0,1.000009397770763,0.8552407879821917,1.0984871359079844,0.8552236483523725,1.0970325350578656,0.8552236483523725,1.0970325350578656,0.905155399291575,1.0446084615837297,0.9051523557312489,1.0445995786620925,0.9051523557312489,1.0445995786620925,0.8385951001620512,1.0549040919791695,0.8279957812984232,1.0660355331917026,0.5402354441164439,1.4300800672062735,0.5297887846669792,1.4449813625559076,0.5159926959965216,1.386476446953894,0.49213673483899906,1.3982495183741608
115,1.0,1.000009397770763,0.8244564512875838,1.042941057972625,0.8244251552707519,1.041687438009651,0.8244251552707519,1.041687438009651,0.8879490428807921,1.0388447999852195,0.887944513162761,1.0388263675920426,0.887944513162761,1.0388263675920426,0.8400232450086879,1.0625935184383746,0.8207397348585912,1.0708074927611875,0.626834896587621,2.2363802639964336,0.6213714132898559,2.2579392869617325,0.5612584583316306,1.7078583398855032,0.5434515173802569,1.728764409664996
116,1.0,1.000009397770763,0.9068706658759144,1.1126168502962124,0.9065222292116915,1.1113099713995294,0.9065222292116915,1.1113099713995294,0.9309360875224062,1.0805121527833705,0.9309331682465295,1.080498504475232,0.9309331682465295,1.080498504475232,0.9008743066561824,1.1115477651330994,0.8868999106539721,1.1266316882322855,0.6170598918808803,1.7276061207935163,0.6032378135513767,1.7475381739026046,0.5912814149623605,1.6943772438194131,0.5729878632575648,1.7310137138508477
117,1.0,1.000009397770763,0.9103942138154913,1.0926740756120814,0.9101773129303092,1.0917682903028778,0.9101773129303092,1.0917682903028778,0.9090882303441227,1.0384666006089838,0.909083728744427,1.038459110383692,0.909083728744427,1.038459110383692,0.8221998644578219,1.028873144662875,0.8029107236292731,1.0328948531664226,0.4230975077479401,1.2886384917660803,0.4093608772388867,1.290619383947055,0.47595053286738304,1.3304414692558006,0.4590069166740297,1.3402535362991415
118,1.0,1.000009397770763,0.6684785693285995,1.0249241985951718,0.6667523226649938,1.0228072645310866,0.6667523226649938,1.0228072645310866,0.8259555762100916,1.0276634439689298,0.8259460833414295,1.0276557168931992,0.8259460833414295,1.0276557168931992,0.7430026744011095,1.0377339755486834,0.7204795427759942,1.0385738017322725,0.6598657349831336,1.868474722521486,0.64206658155667,1.902111024379481,0.6781013971306864,1.7257209140536358,0.6558650513464592,1.7839435752904358
119,1.0,1.000009397770763,0.8027672070501467,1.0261195364979194,0.8043051163871567,1.0261403806329563,0.8043051163871567,1.0261403806329563,0.8970133979004048,1.0464846075987917,0.8970289596772197,1.046389689940872,0.8970289596772197,1.046389689940872,0.8488251833962419,1.0565665995686084,0.8274684748219722,1.0643912102332445,0.43202958823824106,1.443187942236789,0.42621718719693324,1.4589441365129432,0.44352814425110704,1.538605912822776,0.4342301531755529,1.5557779504176459
120,1.0,1.000009397770763,0.6359320862147942,0.8883065034141165,0.6356270670254875,0.8873012096502316,0.6356270670254875,0.8873012096502316,0.7743336216162946,0.9565850460910895,0.7743223122051204,0.9565774496122119,0.7743223122051204,0.9565774496122119,0.7068590325041655,0.9708981756618625,0.6876116463754973,0.974107953803806,0.38605232346753776,1.2923946596874443,0.3534851869709046,1.2603741485738378,0.4844973485684633,1.3726403039684354,0.43938809732345,1.3527143049966934
121,1.0,1.000009397770763,0.8306953518184287,1.086314155400197,0.8338848153148148,1.0883079978749037,0.8338848153148148,1.0883079978749037,0.8578131875391047,1.0800293034891573,0.8578062135560597,1.0800254280008914,0.8578062135560597,1.0800254280008914,0.8054389738759429,1.1193676674437816,0.7868360090883428,1.1400488602955623,0.53418453575733,2.1245939465367036,0.5337961127762505,2.212097005763765,0.603715088936829,1.9462534029472869,0.5798068810696095,2.052788238047675
122,1.0,1.000009397770763,0.8684590819940914,1.0661216532869908,0.8686371867848768,1.0656417412674626,0.8686371867848768,1.0656417412674626,0.9089820352635986,1.0652586357840848,0.9089779803852197,1.0652511585045699,0.9089779803852197,1.0652511585045699,0.8611548184103299,1.1017280296902243,0.8477148266249074,1.1182041397361144,0.604606705142382,1.6239596068953812,0.6015379515990494,1.6608337160824822,0.6257903219147314,1.7307330700725707,0.6168741238374238,1.8002827087629645
123,1.0,1.0000081872830517,0.7629128337054315,1.2487701621046678,0.7625384517300947,1.2446588400384204,0.7625384517300947,1.2446588400384204,0.9021108719374622,1.148966849161678,0.90216245024729,1.1489611863637348,0.90216245024729,1.1489611863637348,0.8813118671482394,1.143373992988048,0.8639987033604178,1.1658672381481654,0.6128736400872514,1.8499005816513292,0.603484979384986,1.850090185819455,0.7178702644357564,1.8429728307516036,0.7025640356715751,1.8553751255075985
124,1.0,1.000009397770763,0.8267177514607524,1.0687127246385915,0.8344169501219376,1.0732113746947574,0.8344169501219376,1.0732113746947574,0.8886005887227112,1.0432413652011099,0.8887222735237159,1.0432664901447664,0.8887222735237159,1.0432664901447664,0.8368144489073192,1.064508162944727,0.8159531943011178,1.0713638017273495,0.5613163214531532,1.4271998657148628,0.5557337440747592,1.4540553694605687,0.6989625421447677,1.6053908901006666,0.6715799289913396,1.6194799313913113
125,1.0,1.000009397770763,0.864701722145452,1.1041221535217618,0.8727845089540981,1.107803025384356,0.8727845089540981,1.107803025384356,0.9138611630433834,1.0496404724858424,0.9139184267383189,1.049634407296947,0.9139184267383189,1.049634407296947,0.8930197105669944,1.09656928959972,0.8785808358844867,1.1088632857606027,0.6561752018678975,1.5369359925673114,0.6444524706612874,1.5552413921984136,0.7092525780532813,1.6643207134384777,0.6872489251569004,1.7044930444890531
126,1.0,1.000009397770763,0.909721204963421,1.116302594317881,0.9097808418425487,1.115803243956433,0.9097808418425487,1.115803243956433,0.9281716373918355,1.0723809410940033,0.928168542638274,1.0723682751380985,0.928168542638274,1.0723682751380985,0.8969720752247812,1.132035525025302,0.8901414454250869,1.1484461583371819,0.7532484820291898,1.8182450456658295,0.7437692547062417,1.8481520958244226,0.7512558380816163,1.7497761424126346,0.7580053866232952,1.831952986459311
127,1.0,1.000009397770763,0.7841661271245007,1.0339039690536234,0.783048084474769,1.0306388336165724,0.783048084474769,1.0306388336165724,0.8206341477308886,0.9925250911719573,0.8206971221474199,0.9925535028458069,0.8206971221474199,0.9925535028458069,0.73435072349182,0.9904794311468824,0.7069478812807027,0.9817475684831295,0.42834432803061706,1.316183465342798,0.40676043793466377,1.3074106466812376,0.49290848408083665,1.303918173786947,0.44762722534397315,1.2535521881288396
128,1.0,1.0000094649943658,0.8542309353661895,1.1008006570309263,0.8543110462778536,1.100222660888649,0.8543110462778536,1.100222660888649,0.8925750469980249,1.0682525974621768,0.89263187180233,1.0682818201787323,0.89263187180233,1.0682818201787323,0.8287620914052202,1.0999483795420468,0.8121330478869068,1.1145686425939896,0.5104354845213098,1.9114214428276282,0.5027950929116278,1.9459244073891195,0.5186556947265403,1.9639295658918126,0.5185007726139561,2.062989758985598
129,1.0,1.000009397770763,0.7095559857799243,0.9652324915050575,0.7136318702830085,0.9678783915450957,0.7136318702830085,0.9678783915450957,0.8309834995188169,0.9885163320002994,0.8309755751516882,0.9885049879622922,0.8309755751516882,0.9885049879622922,0.799515250358261,1.0242195155747988,0.7778199773000164,1.029521240144481,0.5026239571209558,1.3606615715320114,0.4963198966351999,1.3835192726784706,0.5366694188169806,1.3930358569814743,0.4988121818124883,1.388780542767593
130,1.0,1.000009397770763,0.8807140049072519,1.0789504991917005,0.8806166831934579,1.0778294919449267,0.8806166831934579,1.0778294919449267,0.899245257409653,1.0425381438984185,0.8993536723885349,1.0426079492051128,0.8993536723885349,1.0426079492051128,0.8701046511064824,1.0868432920096962,0.8534913600645776,1.1001545431181337,0.538931928180307,2.1364805040264905,0.5317205382054035,2.1735951261110373,0.49533364022383103,1.8946153580199119,0.4853336525057955,1.9927161097017292
131,1.0,1.0000094649943658,0.8690471984359295,1.1562854150482555,0.8690317915874527,1.1546188826239634,0.8690317915874527,1.1546188826239634,0.9324059812739354,1.081289195465783,0.9324036197881094,1.0812774453147267,0.9324036197881094,1.0812774453147267,0.8916860874098974,1.119431946957639,0.8767117093978403,1.1340379178157691,0.5324685743607646,1.7779578193791084,0.5277733454000652,1.7954876915954632,0.5180464027760755,1.6648095488599834,0.5026356380027212,1.6745535360483712
132,1.0,1.000009397770763,0.899615841993357,1.3322646379807737,0.9004233114347041,1.3306356089274896,0.9004233114347041,1.3306356089274896,0.9571951139560391,1.1158154553359005,0.9571932397637543,1.115813625676083,0.9571932397637543,1.115813625676083,0.9304116067924284,1.1598188539370151,0.9234826390069305,1.1818266179635288,0.7593056222520354,1.930223072523089,0.7580118616613791,1.9580917293952604,0.799100830215702,1.8329414489971045,0.7897701773712307,1.8688069510318792
133,1.0,1.000009397770763,0.801642957861047,1.0411485339761946,0.8050792683564201,1.0353565664363167,0.8050792683564201,1.0353565664363167,0.8697729109670103,1.0273209846902875,0.8697761202295847,1.0272846294725764,0.8697761202295847,1.0272846294725764,0.8395067281171569,1.0651333266370893,0.8136648725283795,1.0681477980247571,0.5860675747864696,1.5046860017233958,0.5684006280187252,1.511288652880562,0.6817697972293747,1.5700112728097761,0.6598972198953301,1.5917014671641654
134,1.0,1.000009397770763,0.8181424534718325,1.0631725155126734,0.8181102761580572,1.0623998981884268,0.8181102761580572,1.0623998981884268,0.8835246483043694,1.111208135539074,0.8835215651406344,1.1112072050796713,0.8835215651406344,1.1112072050796713,0.8750056337614975,1.1849461755350434,0.8577177517638747,1.2198799957782247,0.6189473738323631,3.1237383684693962,0.6092436278340992,3.3216691363260575,0.6674020217100798,2.8841317197090515,0.6605902530049939,3.178125083776605
135,1.0,1.000009397770763,0.8972667118137944,1.1544715466595372,0.8965284243471242,1.1528181661782138,0.8965284243471242,1.1528181661782138,0.8877870767518008,1.0755564130800745,0.8877804700833485,1.0755336865304983,0.8877804700833485,1.0755336865304983,0.8829863079901432,1.135845275211924,0.8725564771857316,1.1547860456139576,0.685241711357726,2.2354680889501193,0.6675394378095746,2.2696005265882797,0.737875080386589,2.366007066737558,0.7239363921306623,2.5268051292158704
136,1.0,1.000009397770763,0.9007809380884444,1.10047958623076,0.900751843531701,1.0993884537050582,0.900751843531701,1.0993884537050582,0.9373370516941794,1.0846010038567253,0.9373339549776659,1.0845824880873152,0.9373339549776659,1.0845824880873152,0.9015150933328858,1.107957422213716,0.8855426196131934,1.1211670085807506,0.5977712432059976,1.7400418404050768,0.5926307075969804,1.7583619206779069,0.5838088189258773,1.7832928704299122,0.5740668497107189,1.7900441378934442
137,1.0,1.000009397770763,0.9093840467082476,1.1258155580812705,0.9093702025061485,1.1246213120007729,0.9093702025061485,1.1246213120007729,0.9375437694752389,1.094403042180605,0.937541266910805,1.0943899061036448,0.937541266910805,1.0943899061036448,0.9051674010781101,1.146064658895711,0.8910385632556681,1.163969668624584,0.4841943627168394,1.6596473654936303,0.4779431063672043,1.667495699915616,0.519381580068637,1.8063629120603049,0.5186195267453073,1.8198133667713152
138,1.0,1.000009397770763,0.8384959204174536,1.032501073240183,0.838879930383689,1.0321014726469602,0.838879930383689,1.0321014726469602,0.888650668157086,1.0338022074852358,0.8886459258404674,1.033792660570234,0.8886459258404674,1.033792660570234,0.8339468994233921,1.0404946500285115,0.8194333732543508,1.0500025693028145,0.4521608824870447,1.2920464310857507,0.4442023426479057,1.2988307216367296,0.4544588990119035,1.2631094529773221,0.442905993493797,1.285127829471845
139,1.0,1.000009397770763,0.917742054858192,1.0902526639245262,0.9177268369346347,1.0895066567415606,0.9177268369346347,1.0895066567415606,0.9162854722713757,1.0371513000248924,0.9162813233688908,1.0371342817703642,0.9162813233688908,1.0371342817703642,0.8770734997131544,1.0627348276847672,0.8612362300251224,1.070767776643534,0.4598496502132338,1.3220209350229217,0.4524357900493664,1.3352416825090836,0.4256704305761977,1.3591638087378668,0.4212876604734898,1.3732218580141726
140,1.0,1.0000094649943658,0.7514509570436712,1.0109951931901422,0.7514338843834889,1.0100082216605368,0.7514338843834889,1.0100082216605368,0.8482398864177046,1.005569876325625,0.8482316006226197,1.0055507870513982,0.8482316006226197,1.0055507870513982,0.8230507368675118,1.038934592251256,0.7941750155152146,1.0391587760991912,0.3411713287275232,1.0935079468152868,0.33865012945620376,1.1175285716536574,0.3407523102950707,1.1375773955514221,0.32568728442747535,1.1334001988208788
141,1.0,1.0000093844404665,0.8245197383818489,1.029533410705206,0.8246959239953451,1.029194761008627,0.8246959239953451,1.029194761008627,0.9073271285543854,1.0472404660158567,0.9073222094866015,1.0472305915672329,0.9073222094866015,1.0472305915672329,0.8603218760268471,1.0665149890627508,0.8498178983518466,1.0784803261176512,0.6082383945608377,1.7298840741018715,0.6033399806551586,1.774108726954721,0.6002527320146452,1.568231123956485,0.5866559787247635,1.6219635283618672
