,Layer1inVals,Layer1OutVals,Layer1inOutRatios,Layer2inVals,Layer2OutVals,Layer2inOutRatios,Layer3inVals,Layer3OutVals,Layer3inOutRatios,Layer4inVals,Layer4OutVals,Layer4inOutRatios,Layer5inVals,Layer5OutVals,Layer5inOutRatios,Layer6inVals,Layer6OutVals,Layer6inOutRatios,Layer7inVals,Layer7OutVals,Layer7inOutRatios,Layer8inVals,Layer8OutVals,Layer8inOutRatios,Layer9inVals,Layer9OutVals,Layer9inOutRatios,Layer10inVals,Layer10OutVals,Layer10inOutRatios,Layer11inVals,Layer11OutVals,Layer11inOutRatios,Layer12inVals,Layer12OutVals,Layer12inOutRatios,Layer13inVals,Layer13OutVals,Layer13inOutRatios,Layer14inVals,Layer14OutVals,Layer14inOutRatios,Layer15inVals,Layer15OutVals,Layer15inOutRatios,Layer16inVals,Layer16OutVals,Layer16inOutRatios,Layer17inVals,Layer17OutVals,Layer17inOutRatios,Layer18inVals,Layer18OutVals,Layer18inOutRatios
0,0.6143527155704581,0.6593478885479774,0.931758069208945,0.6143527155704581,0.6593478885479774,0.931758069208945,0.6693843692897081,0.6959711087758136,0.9617990759230358,0.39576876872067557,0.43029229887062076,0.9197672599752346,0.39576876872067557,0.43029229887062076,0.9197672599752346,0.479635250055208,0.5179667329967191,0.9259962455122501,0.3782363025196077,0.3888344510134443,0.972743802751495,0.3782363025196077,0.3888344510134443,0.972743802751495,0.26036130672549185,0.2682446295744095,0.9706114420205724,0.45204691651652573,0.4698964464033266,0.9620139074823305,0.587082870661416,0.5721895012925655,1.0260287358212736,0.45346438498797115,0.47585727195184185,0.9529420095399174,0.4292479270139556,0.4120037785376217,1.0418543454565896,0.4292479270139556,0.4120037785376217,1.0418543454565896,0.45140881554399104,0.43178756449940686,1.0454419086092304,0.07710612048753587,0.08160223930813822,0.9449020166759818,0.7067299286813512,0.7046024324733647,1.003019427850282,0.022617128274383926,0.021341443178854776,1.0597750154400574
1,0.7864905024418745,0.7590442526323338,1.0361589587357498,0.7864905024418745,0.7590442526323338,1.0361589587357498,0.7824956349683458,0.7734421325339803,1.0117054683906397,0.6328394867442162,0.5736550851006849,1.1031707086378282,0.6328394867442162,0.5736550851006849,1.1031707086378282,0.6617125087221803,0.6419971058799687,1.0307094886591244,0.49577741301987077,0.49816814581488905,0.9952009520979958,0.49577741301987077,0.49816814581488905,0.9952009520979958,0.39456247044574067,0.3722843242494371,1.059841751976043,0.550763477673246,0.5521680144245519,0.9974563235924311,0.6385785496816709,0.6205143678719267,1.0291116253628356,0.5597324070088654,0.5280202374373351,1.0600586252630022,0.5433841046603326,0.47516793521156536,1.1435622321998526,0.5433841046603326,0.47516793521156536,1.1435622321998526,0.5209787044380915,0.4752813189893636,1.0961480782495272,0.09755315721488159,0.09922714333809218,0.9831297559629738,0.702590730085798,0.7084087371910015,0.9917872171816045,0.02802455209878394,0.016572480456668592,1.691029425079645
2,0.8370618455600345,0.8274524521325964,1.0116132273252338,0.8370618455600345,0.8274524521325964,1.0116132273252338,0.8344678282691067,0.8092846558837808,1.0311178176952145,0.6022748141365442,0.5761129991406172,1.0454109090316523,0.6022748141365442,0.5761129991406172,1.0454109090316523,0.6498076359524776,0.6235066059558704,1.042182440002037,0.482757123087313,0.44573658658051174,1.0830547404484023,0.482757123087313,0.44573658658051174,1.0830547404484023,0.33918606547968494,0.33915757132683816,1.0000840144972596,0.5513472329494283,0.5193643741402049,1.0615807714230887,0.6224428804812197,0.5987786312712206,1.0395208645969203,0.5167126146506824,0.4827376038736187,1.0703798720141935,0.4593584688651163,0.4553641506650533,1.0087717010533863,0.4593584688651163,0.4553641506650533,1.0087717010533863,0.4692281962490457,0.4618963056449475,1.0158734558265425,0.08543302116844045,0.08547209370997368,0.9995428620051615,0.6856539946488739,0.6951415770261261,0.9863515826260301,0.005748941536406737,0.01856729601389878,0.30962728940731576
3,0.7769079678707873,0.7867563169888449,0.9874823386792112,0.7769079678707873,0.7867563169888449,0.9874823386792112,0.7529044948278901,0.7721458455419499,0.9750806783133635,0.5600755800071215,0.5248315684527712,1.067152994737438,0.5600755800071215,0.5248315684527712,1.067152994737438,0.6314313901876074,0.5963012139446398,1.0589134743003041,0.48768939249027515,0.43035945240275303,1.1332140836397147,0.48768939249027515,0.43035945240275303,1.1332140836397147,0.3884449940819539,0.3297983798520871,1.1778256589864677,0.5665108898504921,0.527385550322157,1.0741873559190904,0.6283906263244561,0.6139025927839467,1.0235998898046816,0.5185001258358559,0.5234954342673344,0.9904577803272159,0.44115841655675964,0.4703845986207924,0.9378674766356585,0.44115841655675964,0.4703845986207924,0.9378674766356585,0.45646703694941954,0.4724210044058191,0.9662293435143396,0.08948611146007424,0.09575156912703588,0.9345654831133983,0.69715446974502,0.7039062867161241,0.9904080740596838,0.017475877336993136,0.017523381611446363,0.9972890920538877
4,0.7312112628433827,0.7016491711031182,1.0421322976749015,0.7312112628433827,0.7016491711031182,1.0421322976749015,0.6638322190662165,0.6605328894206306,1.0049949513467524,0.5914195237785284,0.5268249333354209,1.122611111122148,0.5914195237785284,0.5268249333354209,1.122611111122148,0.6791950345809651,0.606165490244141,1.12047789838285,0.5699518143031144,0.5430058516566643,1.0496237058297628,0.5699518143031144,0.5430058516566643,1.0496237058297628,0.33217693010981875,0.3041531457034603,1.0921370855512398,0.5488596901467064,0.5310779345733211,1.0334823844407537,0.6075423221275705,0.593222524208752,1.0241389990002798,0.5203831525129947,0.5141561620152296,1.0121110879491524,0.4212609942936635,0.42480101808977666,0.9916666306214806,0.4212609942936635,0.42480101808977666,0.9916666306214806,0.4789798604239016,0.47156512415743224,1.0157236739670212,0.08064691197829335,0.07232113858877742,1.115122266490532,0.716524722164531,0.7155745438686242,1.0013278536863117,0.018691711539345283,0.020973781336197674,0.8911941647396756
5,0.7589301282938419,0.8068936997861818,0.9405577568581218,0.7589301282938419,0.8068936997861818,0.9405577568581218,0.756580319096677,0.7965404776791124,0.9498328588411882,0.5813519660133122,0.5995626605725589,0.9696267033343,0.5813519660133122,0.5995626605725589,0.9696267033343,0.6607091816069963,0.6485003833559843,1.0188262005148425,0.5153089854764861,0.5141894030477516,1.002177373594435,0.5153089854764861,0.5141894030477516,1.002177373594435,0.3561172365536536,0.31970184076353614,1.1139042418496794,0.5116919588660036,0.5208630330052004,0.9823925416893519,0.5733833183340957,0.5738302427718489,0.999221155658171,0.43627885627335383,0.45177023875129463,0.965709599373435,0.4374031530342787,0.42946252282299796,1.0184896930216036,0.4374031530342787,0.42946252282299796,1.0184896930216036,0.43207350559102586,0.4409475476828366,0.9798750619241596,0.08624117045983107,0.08164165400444294,1.0563378646779722,0.7049218237304881,0.6987306448764538,1.008860608733039,0.024950337822330103,0.0235041646619362,1.0615283793827357
6,0.8679907696363444,0.8286212708685141,1.0475120542423022,0.8679907696363444,0.8286212708685141,1.0475120542423022,0.82083936710641,0.8076577499875466,1.016320795682412,0.6569964625540163,0.6477863366451863,1.0142178452798623,0.6569964625540163,0.6477863366451863,1.0142178452798623,0.6939199494555783,0.6571228819649853,1.0559972396343273,0.4934181819604919,0.48335650209428627,1.0208162708531083,0.4934181819604919,0.48335650209428627,1.0208162708531083,0.34882468950002987,0.33517854644568507,1.0407130563666793,0.5497984987083475,0.5327801690827494,1.0319424982632095,0.6093675858933505,0.612462375042294,0.9949469726222289,0.4691511146794923,0.4964703010645861,0.9449731709499782,0.44299389513028453,0.4448740587898551,0.9957737170275,0.44299389513028453,0.4448740587898551,0.9957737170275,0.45438812421407754,0.4645957899573552,0.9780289318932172,0.0822341406822866,0.09960856033160254,0.8255730271426922,0.7084706695302565,0.7068116974177812,1.0023471203412961,0.02286793301494914,0.02371544512421017,0.9642632847571627
7,0.810540130655924,0.8239667872798407,0.9837048570024987,0.810540130655924,0.8239667872798407,0.9837048570024987,0.8087961053618565,0.8200216679886091,0.9863106512120744,0.6180137337712042,0.6360417464302361,0.9716559286238464,0.6180137337712042,0.6360417464302361,0.9716559286238464,0.5967165315781426,0.6511063346862558,0.9164655599083956,0.4627764123159259,0.5301187015127229,0.8729675278298388,0.4627764123159259,0.5301187015127229,0.8729675278298388,0.2686926627673847,0.3291809476989296,0.8162460939663259,0.4986297769951453,0.5503950776921755,0.9059488305853246,0.545093774169443,0.6182664293439469,0.8816486684354694,0.4190402952864485,0.5093561252272809,0.8226862788770187,0.41987422137870317,0.48747721091346835,0.8613207181355492,0.41987422137870317,0.48747721091346835,0.8613207181355492,0.4357533024479613,0.4858380464862806,0.8969106178477654,0.07180613679178999,0.08703325309354619,0.8250425468367867,0.7026064954227219,0.7043038271979213,0.9975900574302539,0.01616772364229976,0.024863659982781557,0.6502551777773724
8,0.7012804184443853,0.6817144151512793,1.0287011728932915,0.7012804184443853,0.6817144151512793,1.0287011728932915,0.7112095665731601,0.6976086722266067,1.019496452507023,0.4669505777560311,0.4711219098845935,0.9911459602259122,0.4669505777560311,0.4711219098845935,0.9911459602259122,0.5259912528248294,0.518448983406137,1.0145477562114997,0.4392185349610069,0.4187988135828718,1.0487578300507636,0.4392185349610069,0.4187988135828718,1.0487578300507636,0.3429458146456706,0.3057785006470205,1.1215497947697595,0.5325902928657582,0.5179456965265994,1.028274385591708,0.6062206835816184,0.5780095651942537,1.0488073555977981,0.5275416830824096,0.49730425913448406,1.0608026643498916,0.44997740168410627,0.44931983278890475,1.0014634762305505,0.44997740168410627,0.44931983278890475,1.0014634762305505,0.46533099569084646,0.47093202561164316,0.9881065002671625,0.08176006286820164,0.08331898020043091,0.981289769408133,0.7241879634891979,0.7101563813761118,1.0197584398043376,0.025379097831878472,0.023053571645296127,1.1008748762388343
9,0.8925127512318405,0.8622298254929838,1.0351216402442844,0.8925127512318405,0.8622298254929838,1.0351216402442844,0.8499640112970892,0.8241307520920517,1.031346068739044,0.6445391872574998,0.6823259862107054,0.9446206069872051,0.6445391872574998,0.6823259862107054,0.9446206069872051,0.6526776357769706,0.6201330201261249,1.0524800560438252,0.5312120513356956,0.5490397360072795,0.967529336216664,0.5312120513356956,0.5490397360072795,0.967529336216664,0.3294132985787899,0.3561203219655991,0.9250056182152137,0.5364895508357361,0.5408325401982038,0.9919698075842921,0.5933600402280857,0.6088714151016514,0.9745243831639295,0.46436645990467174,0.48174825493429646,0.9639193399216457,0.4040984046622733,0.4376369124101919,0.9233645362243043,0.4040984046622733,0.4376369124101919,0.9233645362243043,0.46563950388013,0.46048962138480964,1.0111834930825006,0.09640950486367984,0.08879395213346836,1.0857665702137502,0.7170192459140756,0.7140883335559265,1.004104411485837,0.016056750484694186,0.01822675571446198,0.8809439670030795
10,0.8754029613748882,0.8551031164917486,1.0237396455370484,0.8754029613748882,0.8551031164917486,1.0237396455370484,0.8525803997903817,0.814536988139131,1.0467055667271337,0.6937763981537877,0.6613217140832112,1.0490754853189244,0.6937763981537877,0.6613217140832112,1.0490754853189244,0.5738579827566119,0.6234825603975503,0.9204074327126386,0.5601464437515113,0.556883547874105,1.0058592068123802,0.5601464437515113,0.556883547874105,1.0058592068123802,0.29594020433229323,0.3116020957470837,0.949737528634908,0.5668657921538023,0.5609168205522422,1.010605799975303,0.6373114573601129,0.6237273398042362,1.0217789355844817,0.5381288140634681,0.51053570107621,1.0540473720625056,0.47360811914786566,0.4762724942342134,0.9944057758560428,0.47360811914786566,0.4762724942342134,0.9944057758560428,0.503010304343451,0.4850576529781644,1.0370113763901272,0.10816224731362557,0.08751363477272191,1.235947376594851,0.6989987920748905,0.69666003460544,1.0033571000965702,0.01719097907543032,0.021968204723276024,0.7825390964795553
11,0.7975394361840926,0.775765647225653,1.0280674827975544,0.7975394361840926,0.775765647225653,1.0280674827975544,0.76623334868077,0.7605678883239525,1.00744898705795,0.608461124114696,0.5450300748574247,1.1163808240744593,0.608461124114696,0.5450300748574247,1.1163808240744593,0.6197858163592616,0.620672453152944,0.9985714900199318,0.4374292388039215,0.4738689971684903,0.9231016196832725,0.4374292388039215,0.4738689971684903,0.9231016196832725,0.3465479470989733,0.35679526036815823,0.9712795700856248,0.5186300409415698,0.5384851420887754,0.9631278570283519,0.5787168374943086,0.6060115428904852,0.9549600899250377,0.4170731582846263,0.48387264600247726,0.8619482042026634,0.4098009084133042,0.46472614383779626,0.8818116085079503,0.4098009084133042,0.46472614383779626,0.8818116085079503,0.4271108613896155,0.46382669508831625,0.9208414822012136,0.08482109080427129,0.0905946563372029,0.9362703522883095,0.7250423609234192,0.7144742154265412,1.0147915001951033,0.00978948931927186,0.020482898686570845,0.47793476250947436
12,0.8028981282491869,0.7698931091706978,1.0428696122686967,0.8028981282491869,0.7698931091706978,1.0428696122686967,0.8253831250829939,0.7964267635309712,1.0363578459162324,0.6215236861420375,0.6256463083946308,0.9934106184320471,0.6215236861420375,0.6256463083946308,0.9934106184320471,0.5630372375214845,0.6156729689305472,0.9145069963027718,0.516219753551472,0.5170361054804357,0.9984210929946467,0.516219753551472,0.5170361054804357,0.9984210929946467,0.34301378758728773,0.35047166551501,0.9787204540008588,0.4807946155366065,0.5314645819885998,0.9046597493620371,0.564097511257672,0.6027233341188164,0.9359145055871855,0.5076681781741359,0.5204685685686612,0.9754060260935111,0.47103900286985356,0.4493725192620349,1.0482149723872738,0.47103900286985356,0.4493725192620349,1.0482149723872738,0.45378422143614816,0.45750275205694757,0.991872113109526,0.07162901260767272,0.08049392867073721,0.88986851294926,0.7018402873645868,0.70047114091094,1.0019546079398307,0.017703406764611025,0.02493186824838577,0.7100714069334633
13,0.8173078112548231,0.8327135286810924,0.9814993789632914,0.8173078112548231,0.8327135286810924,0.9814993789632914,0.8063920566806468,0.8031292810759266,1.0040625783190835,0.6084863241421978,0.6079109814343467,1.000946425916659,0.6084863241421978,0.6079109814343467,1.000946425916659,0.6484043917839944,0.6314816828452632,1.02679841616701,0.45822478092265423,0.47032912082210476,0.9742641070612575,0.45822478092265423,0.47032912082210476,0.9742641070612575,0.3318129418180338,0.3371459128027636,0.9841820090880066,0.5210360075119376,0.5313166314483634,0.9806506641653566,0.6004476236915071,0.5828274416113622,1.0302322451246113,0.507092225978319,0.4969669442632305,1.0203741553275734,0.44115716861297805,0.466567714436441,0.9455372820767165,0.44115716861297805,0.466567714436441,0.9455372820767165,0.46928166948214056,0.4750343345738443,0.9878900014735472,0.09386139075143396,0.08111147465390196,1.1571900418767525,0.7064317561383502,0.7014439622207558,1.007110751800904,0.021167704700756865,0.023501611276884212,0.9006916356231737
14,0.8377638509428788,0.7920527668176579,1.0577121702495664,0.8377638509428788,0.7920527668176579,1.0577121702495664,0.8444592137372658,0.8042668413126425,1.0499739270103756,0.653397002340589,0.5881959393352648,1.1108492232690512,0.653397002340589,0.5881959393352648,1.1108492232690512,0.6700126918156675,0.6207046971879735,1.0794387328645616,0.5595720978846079,0.4895514101905614,1.1430303053703603,0.5595720978846079,0.4895514101905614,1.1430303053703603,0.4294542472336018,0.3740339369193452,1.1481692029624766,0.577747054100241,0.5379068080695496,1.0740653314533624,0.6072373343927968,0.5933573885337765,1.023392218799733,0.5448800550337334,0.49418161207518435,1.1025907110255568,0.4874879769513064,0.4551179863022538,1.07112439328547,0.4874879769513064,0.4551179863022538,1.07112439328547,0.44549473661806216,0.4675329521950333,0.9528627544358033,0.08184984991808397,0.0848520241080795,0.9646187086100441,0.7116198146823158,0.702599677286833,1.0128382316233264,0.023557882307630503,0.023541998345609966,1.000674707464819
15,0.7564073350625211,0.7451070443721713,1.0151659963165043,0.7564073350625211,0.7451070443721713,1.0151659963165043,0.8020170858874607,0.7743509459174108,1.03572816707452,0.5924239801655555,0.5764196087571997,1.0277651404726886,0.5924239801655555,0.5764196087571997,1.0277651404726886,0.6179118505788315,0.6056560897682035,1.0202355115678248,0.5478942360387691,0.5252718532877334,1.0430679515939028,0.5478942360387691,0.5252718532877334,1.0430679515939028,0.3818542873948557,0.3720276220367022,1.0264138057931196,0.5462393573353609,0.5419783530280138,1.0078619455621078,0.6233183010231034,0.6207787189481521,1.0040909618797087,0.563211420486113,0.5334381312101272,1.0558139501734602,0.5228455618231466,0.4910283431698187,1.0647971122154227,0.5228455618231466,0.4910283431698187,1.0647971122154227,0.5259626519041272,0.48583456016098475,1.082596206679586,0.0871906526791244,0.08404737105336192,1.0373989285609755,0.7083281604564182,0.7016493139174628,1.0095187815429705,0.031076421184708054,0.02031583221930942,1.5296651817773483
16,0.8219337170196946,0.841294720579046,0.9769866574866587,0.8219337170196946,0.841294720579046,0.9769866574866587,0.8417366839130257,0.8109314272594451,1.0379874988415327,0.6222347564198699,0.6061407141204221,1.0265516602408107,0.6222347564198699,0.6061407141204221,1.0265516602408107,0.590158156008131,0.6039869582468681,0.9771041376805941,0.4483759717679817,0.4591139302518644,0.9766115602765701,0.4483759717679817,0.4591139302518644,0.9766115602765701,0.25203330361191095,0.3009775669277222,0.8373823543880102,0.5197362850782039,0.5421008668257935,0.95874461172043,0.6027641556652907,0.6153309795264884,0.9795771312036522,0.5004410474463715,0.5415379983286799,0.9241106791967624,0.46171575106437057,0.4730606728758028,0.97601804068289,0.46171575106437057,0.4730606728758028,0.97601804068289,0.4772851814428375,0.48132026521199456,0.9916166343684286,0.09592995264718837,0.08971463741346261,1.069278719871336,0.69322840195355,0.6921913333571069,1.0014982397878536,0.01501685113671275,0.019384316041582143,0.7746907914883067
17,0.8551456077039796,0.7992171583613021,1.069979039811097,0.8551456077039796,0.7992171583613021,1.069979039811097,0.8137438388548575,0.7941771489535212,1.02463768937084,0.5697982333192555,0.5674150072402606,1.0042001463630408,0.5697982333192555,0.5674150072402606,1.0042001463630408,0.5880061370581197,0.607412513819704,0.9680507458768876,0.4806228537186504,0.46763457066496905,1.0277744287279962,0.4806228537186504,0.46763457066496905,1.0277744287279962,0.336391624023889,0.3353652095385787,1.0030605872526925,0.5328774394764451,0.5298308289336424,1.0057501571755165,0.5881599154455138,0.5833481481579598,1.0082485344347938,0.5421745152013233,0.5003689912422037,1.0835493899318867,0.4957090604867316,0.45528343499762497,1.088792216851284,0.4957090604867316,0.45528343499762497,1.088792216851284,0.5187635465529967,0.48112708661577974,1.07822561020613,0.10118344383011627,0.07788839258738176,1.2990824495010622,0.6991491328093148,0.6988252957012553,1.0004634020978513,0.0060474172026963756,0.02131337961259438,0.28373807029284415
18,0.8561967811258477,0.854441170734505,1.0020546884343524,0.8561967811258477,0.854441170734505,1.0020546884343524,0.7674218242260363,0.7933582070802256,0.9673081054399849,0.6745943642208019,0.6844621841348074,0.9855831043076851,0.6745943642208019,0.6844621841348074,0.9855831043076851,0.6339044382061438,0.6493062597414933,0.9762795733072382,0.5666811383635004,0.5604962362436425,1.0110346898336162,0.5666811383635004,0.5604962362436425,1.0110346898336162,0.31666699946583854,0.3255229143885327,0.972794803280349,0.5525952516607466,0.5425076556761329,1.018594384575166,0.6088501798289031,0.5887021765540097,1.034224441623149,0.4818871118393839,0.5041579776252345,0.9558256205906839,0.4205490039803162,0.4402222624946785,0.9553106233136037,0.4205490039803162,0.4402222624946785,0.9553106233136037,0.4689332907516154,0.4822987982800871,0.9722879103656611,0.08745854402298228,0.0870053541725713,1.0052087581818483,0.6984679433298343,0.7100269438952435,0.9837203353129166,0.032663594231164765,0.01997810145449793,1.634969884678946
19,0.7696559113071074,0.79562704725041,0.9673576507572792,0.7696559113071074,0.79562704725041,0.9673576507572792,0.7255233392276585,0.7726825522725983,0.9389668979761016,0.4928113943935229,0.5816864550571029,0.8472113973242589,0.4928113943935229,0.5816864550571029,0.8472113973242589,0.5053189651045454,0.6276369209796767,0.8051135110340457,0.46360892276426224,0.5089398545675979,0.910930670104723,0.46360892276426224,0.5089398545675979,0.910930670104723,0.3093173088852025,0.33919142228385263,0.9119255044909421,0.5046036997879101,0.47838894640291163,1.0547979914295924,0.5505778750057976,0.5476355153048078,1.005372843102318,0.4160344728791512,0.44173335956250276,0.9418226264169769,0.2848694099662395,0.3530321667904858,0.8069219656556142,0.2848694099662395,0.3530321667904858,0.8069219656556142,0.3555202241262878,0.407821270335442,0.8717549818670923,0.06264943489785624,0.07669240849217075,0.8168922599979617,0.7181032354328736,0.7023900029243314,1.022371093613408,0.018006283563136452,0.02641487768935027,0.6816720400865636
20,0.8508750243425343,0.8396641136645426,1.0133516610934625,0.8508750243425343,0.8396641136645426,1.0133516610934625,0.809094535424703,0.8097716220112797,0.9991638548843006,0.6434517727891864,0.654313219000924,0.9834002341748161,0.6434517727891864,0.654313219000924,0.9834002341748161,0.6720853247840416,0.6522043180681925,1.0304827891583668,0.498792816479219,0.49363426311143505,1.0104501525790957,0.498792816479219,0.49363426311143505,1.0104501525790957,0.343398854866321,0.3323485552185064,1.0332491279841713,0.5427763620362359,0.5254127356323582,1.033047593303919,0.6149885228873588,0.6028817586311941,1.0200814904130662,0.47283340428702203,0.49008019072923104,0.9648082359408445,0.4780471903709775,0.4595913496211241,1.0401570672839424,0.4780471903709775,0.4595913496211241,1.0401570672839424,0.450214464229465,0.45392016997307916,0.991836217051483,0.09738761648380173,0.10122469129557424,0.962093489615411,0.7030907011374461,0.7109022301772002,0.989011809629846,0.01893042516575524,0.01909541676674236,0.991359622939758
21,0.7097676216290988,0.7680253635091955,0.9241460703668556,0.7097676216290988,0.7680253635091955,0.9241460703668556,0.7393329054916244,0.7881640862314759,0.9380443976160692,0.5976133586261937,0.6255908042794553,0.9552783617312188,0.5976133586261937,0.6255908042794553,0.9552783617312188,0.6585703363905164,0.6455000454095478,1.020248319227733,0.552525123295197,0.532328496304573,1.0379401574982912,0.552525123295197,0.532328496304573,1.0379401574982912,0.33643356318451967,0.35731897581095795,0.9415496683907214,0.5339335952210793,0.5394416192417113,0.9897893973617116,0.5989554676024258,0.5877772132229937,1.0190178423524412,0.48881258827253843,0.466634488016309,1.0475277777913712,0.43353249889017575,0.4221590905061125,1.0269410481494738,0.43353249889017575,0.4221590905061125,1.0269410481494738,0.4096160441800978,0.41699456596885887,0.9823054725626518,0.07367630747918061,0.07835942568682215,0.9402354194585539,0.6920292855503078,0.7056735108930545,0.9806649603079484,0.032839635267410607,0.020525513065413982,1.5999422359261868
22,0.7529752490630891,0.8150822143174121,0.9238028211591707,0.7529752490630891,0.8150822143174121,0.9238028211591707,0.7340103894949764,0.8060278303205686,0.9106514215558168,0.5818184317890998,0.6660194306928364,0.8735757621723659,0.5818184317890998,0.6660194306928364,0.8735757621723659,0.5711739415755168,0.6263781046212628,0.911867668045126,0.497110601474308,0.5379821820916915,0.9240280031980362,0.497110601474308,0.5379821820916915,0.9240280031980362,0.2828744439847705,0.3454838239256177,0.8187776804440866,0.541358653312632,0.5504709705401314,0.9834463255736116,0.5775232551321536,0.6184824618279832,0.9337746674743682,0.4929720217076708,0.5472212290395501,0.9008642127662075,0.4086106293946764,0.4880938146498723,0.8371559260339898,0.4086106293946764,0.4880938146498723,0.8371559260339898,0.45557756764007734,0.5036059016999882,0.9046311135398039,0.07141076851228786,0.08333340038620152,0.8569285326332631,0.6993115198652788,0.7015739159618658,0.9967752562558071,0.02325417641712245,0.013133289451741763,1.7706284859227277
23,0.8001363257412849,0.8104715461547438,0.9872478923381159,0.8001363257412849,0.8104715461547438,0.9872478923381159,0.7774731901774103,0.8204499532516137,0.9476180565263274,0.5843672734782261,0.6272954219980938,0.9315662971313727,0.5843672734782261,0.6272954219980938,0.9315662971313727,0.5628369454911181,0.6323287633989462,0.8901017604603499,0.37427926119517285,0.4683528509471791,0.7991394958699293,0.37427926119517285,0.4683528509471791,0.7991394958699293,0.24135944991195868,0.33432673587503214,0.7219268578094703,0.44830499280847097,0.5173281321221904,0.8665776418719551,0.5596502116646365,0.5978834863381067,0.9360522985713489,0.40277816451528115,0.5055914718521167,0.7966474652742798,0.3759955817254468,0.444615043769592,0.8456654514827773,0.3759955817254468,0.444615043769592,0.8456654514827773,0.45278252116166623,0.4633738257284463,0.9771430668313428,0.09355517430465822,0.08926282664140961,1.0480866204303838,0.6995101144775585,0.7077626552622013,0.9883399601218215,0.016860322766306363,0.022707642912941313,0.7424955038683252
24,0.6743044800259455,0.6505091127363285,1.0365796063786457,0.6743044800259455,0.6505091127363285,1.0365796063786457,0.6624334721620402,0.638013566763572,1.0382748998933395,0.49836762143945057,0.46171654817932073,1.0793800295974996,0.49836762143945057,0.46171654817932073,1.0793800295974996,0.5589475867647853,0.5558531742716867,1.005566960190797,0.5064293385406473,0.5047447554355987,1.003337495014871,0.5064293385406473,0.5047447554355987,1.003337495014871,0.2822138445732364,0.3312311476867378,0.8520148136555697,0.4651176436207125,0.5230682994956385,0.8892101549055752,0.49544437035220845,0.5529023107176938,0.8960793991059611,0.42567668852668405,0.468844351532816,0.9079275182371255,0.3721124959436503,0.36793936626067925,1.0113418950665216,0.3721124959436503,0.36793936626067925,1.0113418950665216,0.37290281224288413,0.37571949030016444,0.9925032420994981,0.0766777920512274,0.0700249040454339,1.09500745622553,0.6956065978008115,0.7022215138170352,0.9905800151575144,0.017714453344874186,0.016289894604178793,1.0874504578028366
25,0.8134328814585818,0.8319059938542172,0.9777942309201916,0.8134328814585818,0.8319059938542172,0.9777942309201916,0.7745490553027434,0.7992749332890411,0.9690646147445787,0.557477993652145,0.6126834905753706,0.9098955696172224,0.557477993652145,0.6126834905753706,0.9098955696172224,0.5849258307608546,0.6490303711894342,0.9012302917179368,0.48680268702009655,0.500161175308212,0.9732916328823731,0.48680268702009655,0.500161175308212,0.9732916328823731,0.2908970649544621,0.3477545873476388,0.8365010140431646,0.5343339478499369,0.5287556135702429,1.0105499291856745,0.5811749700735844,0.5826879131581756,0.9974035104377041,0.49156887460193605,0.47678708576637474,1.03100291362087,0.45128604235096453,0.4409178159321567,1.023515099740046,0.45128604235096453,0.4409178159321567,1.023515099740046,0.4548888602021161,0.4392207922800037,1.0356724185136572,0.07497588643694209,0.07882107718314238,0.9512162116578804,0.7213106411304397,0.7081454618137077,1.0185910664215982,0.018611267746925307,0.018920582742893155,0.9836519308009141
26,0.8285487207324378,0.8430337182239923,0.9828180093175041,0.8285487207324378,0.8430337182239923,0.9828180093175041,0.8326736930961883,0.8314716719550801,1.0014456549533213,0.6433104206127125,0.6314746158452003,1.0187431204208748,0.6433104206127125,0.6314746158452003,1.0187431204208748,0.6663871368822951,0.6381213014405276,1.0442953955274001,0.489412851467544,0.47095043410900844,1.039202463829266,0.489412851467544,0.47095043410900844,1.039202463829266,0.3517859424765503,0.3249040887090421,1.082737813101458,0.5395820673183119,0.5111401498888379,1.0556440683355817,0.603171984329103,0.5684205573657012,1.0611368229264164,0.5297391179215882,0.47751274026563123,1.109371694725683,0.39331571959416833,0.40159934382071977,0.9793734119489763,0.39331571959416833,0.40159934382071977,0.9793734119489763,0.40126227878327425,0.42891326386376444,0.9355324551369599,0.06948943164357742,0.0791849178232924,0.877558928565775,0.6957032088808551,0.6928301593974595,1.0041468308566335,0.01547094008417997,0.016576142747474015,0.9333257030823734
27,0.7034243767505106,0.7324876585077006,0.9603224963320192,0.7034243767505106,0.7324876585077006,0.9603224963320192,0.7046933910345132,0.6675582401236365,1.0556283312509167,0.5800520839601933,0.47991327633122766,1.2086602154341144,0.5800520839601933,0.47991327633122766,1.2086602154341144,0.6514753749005047,0.5589051028100226,1.1656278885718951,0.4975001313773288,0.44357377301999745,1.1215724680703794,0.4975001313773288,0.44357377301999745,1.1215724680703794,0.3836537838299542,0.336284774767563,1.1408598087592048,0.5655671161328519,0.5385449497801266,1.050176250587361,0.6569736873911027,0.6156242140786895,1.0671667429038585,0.6288182901988503,0.5416894413196987,1.1608464965956928,0.5613088831065095,0.4699445737997292,1.1944150744587934,0.5613088831065095,0.4699445737997292,1.1944150744587934,0.5348189826139023,0.47834463971796565,1.1180620377166433,0.13379836572223214,0.10087379416106697,1.3263937064624924,0.7187841129828997,0.7110262113504195,1.0109108518204215,0.017892001736590554,0.01742597752370564,1.0267430743699142
28,0.7810998343351145,0.7816075233532795,0.9993504553078163,0.7810998343351145,0.7816075233532795,0.9993504553078163,0.7671814068738996,0.753151798838033,1.018627862347951,0.5799145534444249,0.5408125597140789,1.0723023033174723,0.5799145534444249,0.5408125597140789,1.0723023033174723,0.5367890570195091,0.5711096936830279,0.9399053508579261,0.4376881582841794,0.43141321795425674,1.0145450813020476,0.4376881582841794,0.43141321795425674,1.0145450813020476,0.25892229623469865,0.31421057283959714,0.8240406867749709,0.5052030697829718,0.49614403681324887,1.0182588770549565,0.5682444547559868,0.5672262965571769,1.001794977075269,0.4733713827631161,0.47176180516698424,1.0034118438129218,0.36818806350700567,0.43549168579319525,0.8454537147739016,0.36818806350700567,0.43549168579319525,0.8454537147739016,0.3890733445691413,0.44173217064804676,0.8807901493756909,0.06362441924416894,0.08095148709625026,0.7859573866570275,0.700317613154143,0.6967093672967435,1.0051789828395727,0.024969394780405215,0.02284122261862776,1.0931724276458765
29,0.677096196948741,0.647466853795408,1.0457619459276528,0.677096196948741,0.647466853795408,1.0457619459276528,0.7567486878544042,0.7260326301177473,1.0423067179937564,0.5278191580261162,0.49108547463496927,1.0748009975624948,0.5278191580261162,0.49108547463496927,1.0748009975624948,0.5356153588403363,0.554664427658357,0.9656565882574429,0.4278293487614061,0.44021594745176224,0.9718624489592953,0.4278293487614061,0.44021594745176224,0.9718624489592953,0.32693257037081175,0.3445112299289307,0.9489750753212159,0.5248247946837099,0.5236844727753345,1.00217749803108,0.570794763073027,0.5980739026318351,0.9543883465926774,0.4624996700018121,0.4919681739318468,0.9401007921010008,0.3948988311525147,0.44935482763773726,0.8788129265874403,0.3948988311525147,0.44935482763773726,0.8788129265874403,0.41965377308328355,0.4676082224137024,0.8974473778863696,0.07292216025311984,0.0891718395705395,0.817771177586111,0.6975986341354308,0.6924672625635987,1.0074102731627126,0.025932997411720095,0.023091076460320676,1.1230744247147997
30,0.8134861821563093,0.7844322560543406,1.0370381583339123,0.8134861821563093,0.7844322560543406,1.0370381583339123,0.7743141069877695,0.7691092513155553,1.0067673814393876,0.6787275915393934,0.6445848986058719,1.0529684964810166,0.6787275915393934,0.6445848986058719,1.0529684964810166,0.6130303541299149,0.6288732409009227,0.9748075037374603,0.5146374190560776,0.5401815816624691,0.952711896381627,0.5146374190560776,0.5401815816624691,0.952711896381627,0.36671153732468487,0.37287839778919535,0.9834614702780479,0.5825534686745012,0.5725186608236724,1.0175274773339125,0.6347275643081646,0.6338392032048908,1.00140155594476,0.5701724803242564,0.5764982357693731,0.9890272770103544,0.5151823494058694,0.49749714146771645,1.0355483609131462,0.5151823494058694,0.49749714146771645,1.0355483609131462,0.5073449272234662,0.4940078624074674,1.0269976772252223,0.08240564210749696,0.09334002138986822,0.88285433065523,0.7229990200455398,0.7087600841917988,1.0200899234752727,0.029789726717102123,0.02574706303708798,1.1570145563472927
31,0.8395398454009046,0.799442188722311,1.0501570435539296,0.8395398454009046,0.799442188722311,1.0501570435539296,0.8493669886878992,0.8142322952965418,1.0431506998608564,0.6045145099210094,0.5814134524659561,1.039732581619972,0.6045145099210094,0.5814134524659561,1.039732581619972,0.6094944121686687,0.6147855157320099,0.9913935780399101,0.48573949753970025,0.4602763544904808,1.055321423316231,0.48573949753970025,0.4602763544904808,1.055321423316231,0.36975482788955905,0.3481174369834618,1.0621554355150706,0.5693742411144219,0.5528111582491997,1.0299615567053295,0.6304829653841378,0.5981854712219613,1.053992441668969,0.5387639750652966,0.5034886385532061,1.0700618322062947,0.5316694843539986,0.4709822913406659,1.128852388145178,0.5316694843539986,0.4709822913406659,1.128852388145178,0.5120099404634474,0.46856490754603664,1.0927193484141624,0.09579470863722207,0.08278495579607589,1.157151172166995,0.6960096757865765,0.7128353831298525,0.9763960828243412,0.023201543551186008,0.02314287943877496,1.002534866612698
32,0.8196948728176939,0.8135333491797382,1.0075737812643677,0.8196948728176939,0.8135333491797382,1.0075737812643677,0.7915606001488665,0.7864024805195432,1.0065591344853282,0.5982019788752583,0.6057969297337386,0.9874628766081426,0.5982019788752583,0.6057969297337386,0.9874628766081426,0.6262080395410934,0.609919919393526,1.0267053421763361,0.5148188997084805,0.5077392339794785,1.0139435073266134,0.5148188997084805,0.5077392339794785,1.0139435073266134,0.3788085819421989,0.36320992639760674,1.0429466664066782,0.5134526235411867,0.5332699833998581,0.962838036125105,0.581951163534795,0.5967666048130809,0.9751738097293057,0.4898570151235583,0.49088037445187227,0.9979152571958969,0.440329480068242,0.44177763050984037,0.9967219923744733,0.440329480068242,0.44177763050984037,0.9967219923744733,0.4498009457216538,0.46859909448560244,0.9598843681407793,0.08800784394054059,0.08004810683026736,1.0994369189411428,0.6971264422413168,0.6932446635080262,1.0055994354340179,0.01721867495771833,0.02104984943910419,0.8179951598955997
33,0.7991328883985027,0.8098969153014959,0.9867093864668122,0.7991328883985027,0.8098969153014959,0.9867093864668122,0.8116497889364123,0.7996371909641621,1.0150225603661156,0.6059815823849259,0.629840185994716,0.9621195913815663,0.6059815823849259,0.629840185994716,0.9621195913815663,0.5758969826046689,0.6115808938250697,0.941652998678197,0.4899177788540213,0.502900786673592,0.9741837591755503,0.4899177788540213,0.502900786673592,0.9741837591755503,0.26766743688099065,0.32188843503439135,0.8315534444485164,0.5029894954634893,0.5362912962533014,0.9379035217940904,0.5599578346280154,0.6024253567563513,0.9295057526180596,0.43167419138993574,0.4960311501437414,0.8702562152897936,0.3444985248318375,0.44972735012126885,0.7660163980219206,0.3444985248318375,0.44972735012126885,0.7660163980219206,0.41464401810746254,0.4738595914093446,0.8750356131322273,0.08354605240792426,0.08913460935471339,0.9373020537449227,0.7123069607633405,0.7014564856809022,1.0154684934902352,0.03859407453061989,0.024841226671593494,1.5536299813548695
34,0.7854423604596803,0.7644568304280323,1.0274515567084381,0.7854423604596803,0.7644568304280323,1.0274515567084381,0.7637586277904095,0.7608783792228229,1.0037854256951402,0.5332794032083791,0.5175634211956367,1.030365326004756,0.5332794032083791,0.5175634211956367,1.030365326004756,0.5664339120963826,0.5298553999156012,1.0690348955330227,0.45973383681642455,0.4137888843269731,1.1110347673166254,0.45973383681642455,0.4137888843269731,1.1110347673166254,0.3572987097927639,0.2905909201665748,1.2295590983639488,0.5391381479625901,0.4938712672528238,1.09165724696147,0.5788967024077571,0.572826394324943,1.0105971165835816,0.52903722376935,0.48988666690058275,1.0799175799506142,0.43349056550804543,0.42978246556068944,1.0086278530291328,0.43349056550804543,0.42978246556068944,1.0086278530291328,0.4461725816687267,0.4394448350465308,1.015309650007568,0.06840423427444192,0.06835190153328312,1.0007656369462277,0.6889228224581334,0.693175787623478,0.993864521465867,0.02349945282096122,0.02005256767635302,1.1718924578757532
35,0.8208334980376466,0.7968058225948211,1.0301549948073656,0.8208334980376466,0.7968058225948211,1.0301549948073656,0.8013118168851716,0.7834849037724058,1.022753358778109,0.6301105970070005,0.5926182350239352,1.0632656232414972,0.6301105970070005,0.5926182350239352,1.0632656232414972,0.6471657099094653,0.6194500627148524,1.0447423430278528,0.4888085157227766,0.47755242819581856,1.023570370209368,0.4888085157227766,0.47755242819581856,1.023570370209368,0.3491621039569644,0.3514683105426874,0.9934383655181827,0.5459029970434703,0.5348039903308184,1.0207534104332063,0.5928815419850919,0.5975103346934654,0.9922532005898306,0.5211394369427003,0.5245843591747896,0.9934330443295937,0.44649936817921076,0.4623435219319269,0.9657307759249865,0.44649936817921076,0.4623435219319269,0.9657307759249865,0.4750918764984633,0.48729809473956004,0.9749512292929845,0.09668701197083271,0.08907089641012556,1.0855062188398652,0.7041454774984537,0.708559207097649,0.9937708386892967,0.027877157703415624,0.020926710110947,1.3321328367249072
36,0.8812459383313138,0.8377681744638759,1.051897130008861,0.8812459383313138,0.8377681744638759,1.051897130008861,0.8535203884517548,0.8268363826482686,1.032272413700544,0.6565640538923607,0.6144780770194176,1.0684906076341811,0.6565640538923607,0.6144780770194176,1.0684906076341811,0.6617564911374105,0.6257656502630108,1.0575148873372526,0.4932110382017697,0.4889319291925476,1.008751952477902,0.4932110382017697,0.4889319291925476,1.008751952477902,0.33402147165034274,0.3375641865601585,0.9895050628862122,0.5041536337249874,0.5088886737546868,0.990695332252606,0.5919019322756025,0.6015110639858708,0.984025012529954,0.4851344309041026,0.5022213279429375,0.9659773568183143,0.4486252754426273,0.45121086075968636,0.9942696740217959,0.4486252754426273,0.45121086075968636,0.9942696740217959,0.4748862337268366,0.4737454165631723,1.00240808063525,0.09361527865133608,0.09090031976727851,1.0298674294106815,0.7085650914338334,0.7068299799256004,1.0024547791654446,0.027549837460822523,0.02030260642092089,1.3569606231657871
37,0.8666442130278326,0.8458448017394086,1.0245901035812384,0.8666442130278326,0.8458448017394086,1.0245901035812384,0.8165938138761837,0.8152796079835372,1.0016119695375394,0.716444268452255,0.6809299119921335,1.0521556709944206,0.716444268452255,0.6809299119921335,1.0521556709944206,0.625614373842964,0.6160357310517559,1.015548842881004,0.5767553661670054,0.5714997981136167,1.0091960978301935,0.5767553661670054,0.5714997981136167,1.0091960978301935,0.357435434220733,0.3278060585071282,1.0903869069673113,0.5320762473054628,0.5456020807063062,0.9752093441738094,0.5966527664098374,0.6197505875374911,0.9627304570707544,0.47668038356543596,0.495959100873842,0.9611284130597898,0.4705984536934914,0.45564003800038294,1.0328294584443343,0.4705984536934914,0.45564003800038294,1.0328294584443343,0.46986080390580715,0.4728897389904601,0.9935948386380317,0.09019629886786383,0.08785831671891402,1.026610823383172,0.7031705620254232,0.6991683985353526,1.0057241767483405,0.01588083574401575,0.02220478998505447,0.7151986465399931
38,0.8285813048474797,0.8024442332620534,1.0325718230651062,0.8285813048474797,0.8024442332620534,1.0325718230651062,0.8338380740797757,0.7920430274744239,1.052768656696118,0.6071571196791872,0.5899867401612451,1.0291029922354684,0.6071571196791872,0.5899867401612451,1.0291029922354684,0.6644273189190237,0.6302593418081929,1.0542125675008704,0.4886531588194619,0.4754853476308036,1.0276934110678058,0.4886531588194619,0.4754853476308036,1.0276934110678058,0.3549161499127958,0.34138889435671704,1.0396241816288967,0.5026068314094683,0.5004029402993715,1.0044042329343195,0.6107622797905825,0.5914171447183952,1.0327097975514363,0.4827275605239328,0.49740745208901277,0.9704871901226503,0.4573288113176479,0.45041887057067437,1.0153411439849729,0.4573288113176479,0.45041887057067437,1.0153411439849729,0.47683360684413423,0.4617842732543557,1.0325895325185515,0.0838860286516533,0.08253998915851081,1.0163077255868975,0.6800652076955095,0.6846231132814359,0.9933424602565927,0.02051304339367046,0.022006220877877496,0.9321474826371435
39,0.8147702497924116,0.857767199025149,0.9498734047168005,0.8147702497924116,0.857767199025149,0.9498734047168005,0.811076258636449,0.7931608778561671,1.0225873227997646,0.5680130863185217,0.6117867572692417,0.9284494631003337,0.5680130863185217,0.6117867572692417,0.9284494631003337,0.5775763969777971,0.6011682590444414,0.9607566405715704,0.44155914675938857,0.46945208441194497,0.940584058354973,0.44155914675938857,0.46945208441194497,0.940584058354973,0.3173487478328656,0.33909308561755347,0.9358750186690263,0.5049828089004281,0.5214853194692541,0.9683547936006682,0.5657357579427449,0.5994098956827996,0.9438211848309648,0.46377707092312526,0.5126450253780708,0.9046748685039792,0.43537347719028563,0.46846632711389263,0.9293591705352997,0.43537347719028563,0.46846632711389263,0.9293591705352997,0.4656628664689114,0.4831609500866226,0.9637841518140611,0.08405765056469086,0.08333066224430923,1.0087241394800182,0.7152394810288902,0.706779140831234,1.0119702743175274,0.011698593618138572,0.019302560514858305,0.6060643410045773
40,0.744732294842096,0.7782654559673301,0.9569129519136184,0.744732294842096,0.7782654559673301,0.9569129519136184,0.7560498224954482,0.7822850306579474,0.966463364203155,0.4238065904206242,0.5344308879809109,0.7930054193195547,0.4238065904206242,0.5344308879809109,0.7930054193195547,0.565416938269691,0.5969396976891881,0.9471927239191416,0.45211438541993065,0.48610087203739955,0.9300834691470086,0.45211438541993065,0.48610087203739955,0.9300834691470086,0.3285106181317191,0.32018565195055587,1.026000434842873,0.4957986161012359,0.5218254399737803,0.9501235051440724,0.62056462191959,0.5950761916966653,1.0428322130486398,0.5071083134061092,0.4969226002458877,1.0204975848455702,0.4561453775008134,0.45676874693536923,0.9986352625070384,0.4561453775008134,0.45676874693536923,0.9986352625070384,0.47192854346643565,0.465233674217203,1.0143903367710803,0.061782560943673855,0.07857585122294608,0.7862792446037393,0.6998820901212057,0.6985511059409611,1.0019053497574122,0.022908600444966107,0.0211295529280636,1.0841971206375896
41,0.7467439298458783,0.7104244253156413,1.0511236709155942,0.7467439298458783,0.7104244253156413,1.0511236709155942,0.6736354073714697,0.6686781585101849,1.0074135049847142,0.4241476092928779,0.3872943348172854,1.0951557282473001,0.4241476092928779,0.3872943348172854,1.0951557282473001,0.5197265295523399,0.490694289862213,1.0591656358957817,0.3717058935145707,0.352413115976722,1.054744777260569,0.3717058935145707,0.352413115976722,1.054744777260569,0.318673585094261,0.2677870625951071,1.1900260677495618,0.4842061545664187,0.48382375865752303,1.0007903619904006,0.5472208822616764,0.5407133250879306,1.0120351337239333,0.49104915790526926,0.47941094339264095,1.024276071860747,0.4371025085563552,0.4082510798294489,1.0706707958714017,0.4371025085563552,0.4082510798294489,1.0706707958714017,0.46815536580686534,0.4428884650943055,1.0570502569019937,0.07036989229344254,0.08145087414691247,0.8639550284815454,0.6945311396221892,0.6961369642513492,0.997693234648318,0.02084714189986029,0.02127645745204721,0.9798220378954292
42,0.7557306413757854,0.7640201730362473,0.9891501141553384,0.7557306413757854,0.7640201730362473,0.9891501141553384,0.6960710737173472,0.7316155145958404,0.9514165020159139,0.5506225745963824,0.5502797869132002,1.0006229334446484,0.5506225745963824,0.5502797869132002,1.0006229334446484,0.5881486680390906,0.5644009609949203,1.0420759507607997,0.48587585923862764,0.46198586864861485,1.051711518059838,0.48587585923862764,0.46198586864861485,1.051711518059838,0.360355374053073,0.31256121956542976,1.1529113386302177,0.5373119447793405,0.5147163241108895,1.043899172437327,0.613833017625371,0.5863639514059023,1.0468464443518521,0.48358362537960076,0.46044619498580514,1.0502500197542275,0.4477692371288041,0.4218740726705445,1.0613812654907617,0.4477692371288041,0.4218740726705445,1.0613812654907617,0.4702941002057208,0.4441600799936185,1.0588391919698812,0.05331354475898736,0.07617237654832244,0.6999065432226099,0.7145159737632449,0.7174238054452754,0.9959468424939905,0.03321681521559111,0.021231557871714615,1.564502021768438
43,0.7716015365661482,0.7202524737881597,1.0712931432333979,0.7716015365661482,0.7202524737881597,1.0712931432333979,0.7774157537415645,0.7565722188145286,1.0275499607422747,0.5908380129852068,0.5578313273452048,1.0591696522263911,0.5908380129852068,0.5578313273452048,1.0591696522263911,0.6745017067964367,0.6420463775751929,1.0505498206279387,0.555354989618781,0.49170306922549234,1.12945194849719,0.555354989618781,0.49170306922549234,1.12945194849719,0.4517237882980582,0.3662358987056824,1.2334230202295824,0.5870291260688234,0.5324276887464854,1.10255183657125,0.6495349341484774,0.5988050048861714,1.0847186126507902,0.6038466847355064,0.5150409742989921,1.1724245542937342,0.5176010611749581,0.4433653440539177,1.1674368962676807,0.5176010611749581,0.4433653440539177,1.1674368962676807,0.44279983296903114,0.42738674055448583,1.036063571823844,0.09595617797057263,0.10045180261953936,0.955245953464928,0.714189291267511,0.7106821352675713,1.0049349150990257,0.020977161775597834,0.019750824080650643,1.062090457083692
44,0.6917609266388228,0.6968117121737839,0.9927515777264929,0.6917609266388228,0.6968117121737839,0.9927515777264929,0.7204272437308039,0.7376200714316673,0.9766914860824037,0.4510886961334557,0.4888896591787036,0.922679970141421,0.4510886961334557,0.4888896591787036,0.922679970141421,0.4838099603547521,0.5371531122310194,0.9006928366202496,0.373094510633748,0.4224208753529887,0.8832293392744334,0.373094510633748,0.4224208753529887,0.8832293392744334,0.24984475514738624,0.2842630110424002,0.878921088717096,0.434230980433406,0.4875034856800307,0.8907238474975957,0.5142637537709425,0.5604427926912712,0.9176025822393488,0.40657267524801277,0.46587813319445365,0.8727017781671945,0.4153321204466264,0.4197023278702972,0.9895873643449951,0.4153321204466264,0.4197023278702972,0.9895873643449951,0.4321333236605718,0.4126195714982271,1.0472923571983994,0.06949446232476464,0.05950402337515585,1.1678951839377638,0.678525426961393,0.6935898345403516,0.978280524268436,0.02866800516765342,0.024944373266909875,1.149277428656953
45,0.8495507624468017,0.818531107744294,1.0378967328291182,0.8495507624468017,0.818531107744294,1.0378967328291182,0.8380490643926635,0.8029490345091377,1.0437138951228495,0.6849490218226821,0.6434541845615537,1.0644876329297677,0.6849490218226821,0.6434541845615537,1.0644876329297677,0.666001807225421,0.6580014587091408,1.0121585574171448,0.5234037411321686,0.5064037224058673,1.0335700903728278,0.5234037411321686,0.5064037224058673,1.0335700903728278,0.39385711640491305,0.36214054336786194,1.0875808401403801,0.570251522033596,0.5533107317970195,1.030617136561868,0.6258490072926877,0.6070509437430517,1.0309662043085344,0.5599769725633985,0.5275246582716381,1.0615180992639965,0.5463427169543493,0.4879498818770422,1.11966973913936,0.5463427169543493,0.4879498818770422,1.11966973913936,0.5266252993141045,0.5002290883906572,1.0527682446623996,0.10012568212942256,0.09694457458025128,1.0328136727913324,0.7068885161724159,0.7038698856876486,1.0042886200221766,0.014891980203345562,0.018786163783201335,0.7927100165421762
46,0.8098893363826727,0.7889362375333224,1.0265586721112747,0.8098893363826727,0.7889362375333224,1.0265586721112747,0.8295268695492086,0.7951092420437655,1.0432866651341837,0.6532166025626838,0.5719506193757261,1.1420856634016028,0.6532166025626838,0.5719506193757261,1.1420856634016028,0.6801470910752394,0.612887349688209,1.109742420725843,0.5268277014044466,0.46878313939300154,1.123819645234262,0.5268277014044466,0.46878313939300154,1.123819645234262,0.340740364355708,0.29783028982454657,1.1440755893446566,0.45681148160819296,0.46756322256000676,0.9770047334070765,0.5864213019698007,0.5665175138643965,1.035133579489245,0.5155669505259637,0.4624338601468058,1.1148987886879436,0.47728718856882413,0.41288259673984634,1.1559876641387201,0.47728718856882413,0.41288259673984634,1.1559876641387201,0.5229686995040492,0.4580748152163226,1.1416665621686295,0.07419026672305867,0.08328051792535796,0.8908478065608739,0.6802573340132505,0.6877662125942217,0.9890822223548202,0.010547316034706343,0.02053106743020719,0.5137246794673794
47,0.7159403625743783,0.7011404858934984,1.0211082899627735,0.7159403625743783,0.7011404858934984,1.0211082899627735,0.7608560959429869,0.7396460357158822,1.0286759601254079,0.5981451890941087,0.5173819045201924,1.1560999406208732,0.5981451890941087,0.5173819045201924,1.1560999406208732,0.682536591588163,0.6164380595822914,1.1072265590652548,0.5286907631925981,0.4618262715948288,1.1447827802581814,0.5286907631925981,0.4618262715948288,1.1447827802581814,0.3926266723934494,0.3456463678038428,1.1359201454599643,0.5674723295974444,0.5351214186108013,1.060455272133617,0.6462350650860385,0.6023480564701057,1.0728598824957125,0.6047250579873703,0.510088919133913,1.185528709414314,0.5073673823646618,0.4608251882266484,1.100997504752545,0.5073673823646618,0.4608251882266484,1.100997504752545,0.4948358889615468,0.46915571567204073,1.0547369933513877,0.11198055284678679,0.0888922061143915,1.2597342077738953,0.7068577428104958,0.7071521546574783,0.9995836654883347,0.03049181916887963,0.02287057787084998,1.3332334382221016
48,0.8014461354546962,0.7772381231758345,1.031146197744324,0.8014461354546962,0.7772381231758345,1.031146197744324,0.7987090281012774,0.7791948340316139,1.025044049597577,0.6669904447389204,0.6350101315417428,1.050361894415027,0.6669904447389204,0.6350101315417428,1.050361894415027,0.6308571792433573,0.6090910444915894,1.0357354371708687,0.45618448430042285,0.4614392534393254,0.9886122190521586,0.45618448430042285,0.4614392534393254,0.9886122190521586,0.36235689367477675,0.3745211691480783,0.9675204595217632,0.5410603478968739,0.5445791402131673,0.9935385106471097,0.6214791490425708,0.6123721230966036,1.0148717186862057,0.553553200071278,0.5343689026827583,1.03590084919277,0.4458441782381287,0.46378196267761157,0.9613228070882266,0.4458441782381287,0.46378196267761157,0.9613228070882266,0.4782531166651487,0.46914624744923933,1.0194115785118685,0.07228514311213585,0.07822222637858807,0.9240997918198173,0.6951681614222086,0.6850298874423133,1.0147997542380938,0.024708242361391186,0.02266729066029483,1.090039508103692
49,0.802617492382329,0.8169548844366342,0.9824502033986955,0.802617492382329,0.8169548844366342,0.9824502033986955,0.7742247402301606,0.7853118112680235,0.9858819504828777,0.5550281989032575,0.5779148473514052,0.9603978881092299,0.5550281989032575,0.5779148473514052,0.9603978881092299,0.5466959496859998,0.5767002889897268,0.947972387258052,0.38398741311688844,0.414142620119948,0.9271864195133412,0.38398741311688844,0.414142620119948,0.9271864195133412,0.2540876118448261,0.28936012446935305,0.8781016814628072,0.44831088386801454,0.47105706518231966,0.9517124718095432,0.5947283911518186,0.586244161780469,1.0144721771651974,0.5074545097368063,0.47756142787714567,1.0625952602423132,0.4268561006825944,0.42788036434832016,0.9976061914706328,0.4268561006825944,0.42788036434832016,0.9976061914706328,0.4559380100800044,0.43134562577197444,1.057013176531041,0.09540555732679618,0.08111861566947476,1.176124081253246,0.6922528742157611,0.7001642726107151,0.9887006539687399,0.030588155456856322,0.02400486968548544,1.274247927925702
