,Layer1inVals,Layer1inOutRatios,Layer2inVals,Layer2inOutRatios,Layer3inVals,Layer3inOutRatios,Layer4inVals,Layer4inOutRatios,Layer5inVals,Layer5inOutRatios,Layer6inVals,Layer6inOutRatios,Layer7inVals,Layer7inOutRatios,Layer8inVals,Layer8inOutRatios,Layer9inVals,Layer9inOutRatios,Layer10inVals,Layer10inOutRatios,Layer11inVals,Layer11inOutRatios,Layer12inVals,Layer12inOutRatios,Layer13inVals,Layer13inOutRatios,Layer14inVals,Layer14inOutRatios,Layer15inVals,Layer15inOutRatios,Layer16inVals,Layer16inOutRatios,Layer17inVals,Layer17inOutRatios,Layer18inVals,Layer18inOutRatios,Layer19inVals,Layer19inOutRatios,Layer20inVals,Layer20inOutRatios,Layer21inVals,Layer21inOutRatios,Layer22inVals,Layer22inOutRatios,Layer23inVals,Layer23inOutRatios,Layer24inVals,Layer24inOutRatios,Layer25inVals,Layer25inOutRatios,Layer26inVals,Layer26inOutRatios,Layer27inVals,Layer27inOutRatios,Layer28inVals,Layer28inOutRatios,Layer29inVals,Layer29inOutRatios,Layer30inVals,Layer30inOutRatios,Layer31inVals,Layer31inOutRatios
0,1.0,1.0000096023686076,0.9247690306148796,0.9852362346779499,0.9258301868654703,0.9854848290293565,0.6712071372584378,0.9020366827928376,0.6712071372584378,0.9020416749137002,0.6712071372584378,0.9020416749137002,0.5875763708680902,0.9111322605002029,0.5875763708680902,0.9111333663562711,0.4160949437463156,0.8046761716772485,0.4160949437463156,0.8046761716772485,0.4160949437463156,0.8046761716772485,0.48058771193897604,0.8678418524397851,0.4806472994648008,0.8679000147197469,0.43057799421780596,0.8286027983667124,0.4304978434747026,0.8284544831605063,0.2797593253576254,0.6496895231576016,0.2797065252604922,0.6496088019826299,0.2797065252604922,0.6496088019826299,0.22329622762750215,0.584329499838018,0.222939792786275,0.5840867950061104,0.17065884848556417,0.5448231482788575,0.16887129951072694,0.5418725073680519,0.07795373081734304,0.2984033602207834,0.07317668265753609,0.28486670819539117,0.07317668265753609,0.28486670819539117,0.025381818864130826,0.10725146718237004,0.024190896221864645,0.1030091117989658,0.02028900897266885,0.10501735701294589,0.015213152330099676,0.08238584879748626,0.009292907442475363,0.05917422206315864,-0.005163512463777065,-0.038185527450100946
1,1.0,1.0000054538854783,0.9540890651231062,1.0018706770160493,0.954410801448978,1.0016916887614242,0.8031310360023315,1.0051687112026204,0.8031310360023315,1.0051716038814784,0.8031310360023315,1.0051716038814784,0.6397745596191845,0.9707227912913285,0.6397745596191845,0.9707259810146872,0.5644069324006731,1.0246958516588356,0.5644069324006731,1.0246958516588356,0.5644069324006731,1.0246958516588356,0.5691288950467949,0.9885210840387076,0.5692206176234362,0.9886159878882902,0.572471000937231,1.0180324513909957,0.572471000937231,1.0180236504073945,0.4695518302906722,0.972044012343667,0.4695518302906722,0.972066034370713,0.4695518302906722,0.972066034370713,0.40761972818297254,0.9451874002439821,0.406937930741151,0.9446156880538996,0.35039301213410085,0.9556182088193372,0.3489056856344993,0.9558414472438822,0.3093057340018741,0.9754957742095411,0.30540938739936213,0.975730692479879,0.30540938739936213,0.975730692479879,0.3140877721303346,1.0247811916145897,0.3087807867550198,1.0193765045206642,0.2252325976977042,0.956635676442325,0.21964423006465836,0.9699732419998758,0.19605976120222335,1.0967567581301119,0.16532722027754215,1.0680767044957944
2,1.0,1.0000094649943658,0.9894995770883652,1.0287571141426952,0.9894995770883652,1.0282605913151555,0.9368752100768846,1.1185990133968398,0.9368752100768846,1.118600282441893,0.9368752100768846,1.118600282441893,0.8645095961826477,1.238274684198185,0.8645095961826477,1.2382823333744746,0.8521649168570573,1.3563737295260012,0.8521649168570573,1.3563737295260012,0.8521649168570573,1.3563737295260012,0.7835167061657135,1.2354530357043414,0.7835120855507124,1.2354195261073988,0.7406138772942411,1.2280962075351907,0.7406138772942411,1.2280958951541379,0.6751834331328959,1.283290276173768,0.6751834331328959,1.2833251616668644,0.6751834331328959,1.2833251616668644,0.5839098470160148,1.2629804952884434,0.5835024167520233,1.2632290483756952,0.509451133632758,1.3029452201012086,0.5083760450804373,1.305606074800618,0.4648140414638847,1.3948933974513316,0.46125875735334093,1.4021111912154376,0.46125875735334093,1.4021111912154376,0.44861695657500456,1.4646176339666646,0.44458541401311424,1.4665018826750842,0.3793252796098752,1.5727133194943286,0.3676943366190102,1.5897969676962538,0.2976414864651783,1.6363274846186826,0.26986566133466516,1.7381158546535358
3,1.0,1.0000094649943658,0.9844613660717664,1.0254847443046986,0.9844613660717664,1.0249852549340062,0.9095411208702125,1.0910459770975016,0.9095411208702125,1.0910486870678326,0.9095411208702125,1.0910486870678326,0.821940485458295,1.15344220991395,0.821940485458295,1.1534467028028044,0.7332102503755904,1.1895080633777215,0.7332102503755904,1.1895080633777215,0.7332102503755904,1.1895080633777215,0.7089383578828644,1.1254433682942835,0.7089701453496565,1.1254509182419263,0.6649797886082335,1.115123690010717,0.6649797886082335,1.115121279221067,0.6340541345446001,1.187119440283214,0.6340541345446001,1.187150219250225,0.6340541345446001,1.187150219250225,0.5606001742211668,1.1811140506039293,0.5605020978631682,1.1815120866702402,0.49608107660213485,1.2045368834141004,0.49546904514750567,1.2059203296072065,0.4274558133416939,1.1990169184861255,0.42522193890470744,1.2036044526833158,0.42522193890470744,1.2036044526833158,0.38728360117218585,1.1868493558231368,0.3855217431212927,1.188357148680993,0.3547320243872185,1.3529863766331764,0.3486404958337893,1.3661881329746621,0.30007064623298846,1.4440752501872576,0.2795730858966208,1.4898851747835093
4,1.0,1.0000094649943658,0.939558496504582,0.9951389460401754,0.9406432078284895,0.9949256050132,0.7296855453003329,0.9584735859137272,0.7296941646549557,0.9584779855840019,0.7296941646549557,0.9584779855840019,0.5203067270784142,0.8760295253866197,0.5203067270784142,0.8760307765059939,0.31473879482961825,0.7111950905197916,0.31473879482961825,0.7111950905197916,0.31473879482961825,0.7111950905197916,0.3517066406133192,0.7365550879267906,0.35148362248977066,0.7361086263270021,0.3035163966644585,0.7100862975120392,0.30348211833057037,0.7100440152246732,0.21227490281545022,0.6234398815178694,0.21207757082405787,0.6233935068709732,0.21207757082405787,0.6233935068709732,0.16422537870206144,0.5936960985909598,0.1627261681294815,0.5898450044642797,0.18385166127485697,0.7913998218374141,0.1792994418612231,0.7822069014185452,0.13785625938318197,0.67355897845519,0.1293746496558465,0.65605348255422,0.1293746496558465,0.65605348255422,0.13973406514458375,0.6978185871655216,0.13850127764845016,0.6981569064863704,0.10267238013082285,0.5957544181688468,0.0925546574660312,0.5736488424161311,0.09332458504932944,0.6954363280114025,0.07139154883966453,0.6293654760297193
5,0.9997357878090597,0.9998745821547136,0.9585539619929083,1.00756708404152,0.9585539619929083,1.007156798751653,0.8428024060604663,1.051160104464164,0.8428024060604663,1.0511645934661897,0.8428024060604663,1.0511645934661897,0.7322053110740745,1.0799094817217945,0.7322053110740745,1.0799116825182027,0.5904355552577523,1.0572114982650316,0.5904355552577523,1.0572114982650316,0.5904355552577523,1.0572114982650316,0.5878221369746686,1.0140853512800245,0.5878221369746686,1.0140443421564271,0.5249472500817519,0.9729898117473048,0.5249472500817519,0.9729895931548137,0.46033112476678006,0.9953828507336115,0.46033112476678006,0.9954096911404913,0.46033112476678006,0.9954096911404913,0.44664182491504606,1.048650839733591,0.44606667623805696,1.0485039471645345,0.38725421603994137,1.0644686835348833,0.38391843445567353,1.0614679825233353,0.358744912955559,1.1089188888587227,0.35427521679735996,1.110485793221259,0.35427521679735996,1.110485793221259,0.2996706484246844,1.0443147542017683,0.2971191104766249,1.0444300221013003,0.2524726227564698,1.076545735479274,0.2419756946297922,1.0804479447207564,0.2053389967299157,1.1077170790663005,0.18265530491703966,1.1272824042570022
6,1.0,1.0000100395066203,0.9597777805551492,1.0135142013604423,0.9611938385440572,1.0137887358214452,0.8524486618487381,1.065512470775295,0.8524523579269625,1.0655145288649153,0.8524523579269625,1.0655145288649153,0.6975436841227948,1.0571011802754016,0.6975436841227948,1.0571045958747005,0.6658437217219323,1.193125207962822,0.6658437217219323,1.193125207962822,0.6658437217219323,1.193125207962822,0.6583843024944764,1.1283795033530144,0.6583967561701257,1.1283534744805614,0.6338235445051341,1.136737639535147,0.6338235445051341,1.1367292091842118,0.598566440886812,1.206358414415592,0.5985671204190441,1.206366091035894,0.5985671204190441,1.206366091035894,0.5106926391046774,1.1977664528273941,0.5106000921381912,1.1981836701644994,0.4360951135752344,1.2333321416372096,0.43597836988038935,1.235951073112067,0.3929451703950571,1.348754509112387,0.3909281504842109,1.350852656919933,0.3909281504842109,1.350852656919933,0.3113528408742867,1.2459586083092253,0.30777015581961087,1.2458342511469291,0.32538896230016723,1.772365932978396,0.318552461837631,1.8064247751906832,0.30300674315213494,1.8316593182816827,0.25606379870967877,1.9221395742817367
7,1.0,1.000009743789258,0.8921371419078703,1.0109328138943725,0.896718895964576,1.011445961358336,0.6127590046968365,1.1521998684570016,0.6121632150440101,1.151397805788422,0.6121632150440101,1.151397805788422,0.6194059369541427,1.4503833187815005,0.6193486651949119,1.450282139795445,0.4513749979738625,1.298884728375733,0.4513749979738625,1.298884728375733,0.4513749979738625,1.298884728375733,0.6049753937268091,1.1780739251689356,0.6049753937268091,1.177979275398699,0.6136636368977045,1.153671264213528,0.6136636368977045,1.1536842153947462,0.5669092434966523,1.2245646039463969,0.5669092434966523,1.2246069524387586,0.5669092434966523,1.2246069524387586,0.5670521836600102,1.325832872391918,0.5668978690607966,1.3261550603611028,0.5623216007154824,1.432655894623501,0.5611410952544091,1.4346334456116248,0.5586690516402976,1.6188308881960223,0.5545599089057784,1.6289219107834945,0.5545599089057784,1.6289219107834945,0.5382953657102565,1.6542410539274897,0.5336899067952008,1.6609713628756717,0.48486519394249356,1.7730056005461732,0.476192044971365,1.8014034095252218,0.409364087886347,1.8541720395328094,0.3651421147413231,1.8999669300110857
8,1.0,1.000009743789258,0.9379812606168361,0.9953485743666635,0.94127404515781,0.996884363893247,0.7627412227109598,0.9976006290329408,0.7627412227109598,0.9976088039804505,0.7627412227109598,0.9976088039804505,0.6745186646158965,1.036137793878935,0.6745186646158965,1.0361420863657331,0.5438167146961234,1.008217124971743,0.5438167146961234,1.008217124971743,0.5438167146961234,1.008217124971743,0.581832837379947,1.019310067625745,0.581832837379947,1.019276406806243,0.5763052116864905,1.0444553547040962,0.5763052116864905,1.0444602139843353,0.500297963274864,1.0525372518204952,0.5001749143378157,1.0523993188370462,0.5001749143378157,1.0523993188370462,0.4688346024204679,1.1299471480458885,0.4674907144604197,1.1286811487034096,0.44997097365311106,1.1780674802137363,0.4463675308215512,1.177983751952567,0.408494370211491,1.2439486607774357,0.3967529314447541,1.234432585746037,0.3967529314447541,1.234432585746037,0.3690550403972732,1.2347495599180753,0.36674248870719334,1.2381350567405836,0.33108077947079195,1.3319073972815845,0.3151635773120882,1.3294876976713623,0.273424518037002,1.4050115307277622,0.2347977065174949,1.3923887164056727
9,1.0,1.0000089655355493,0.9699294583810267,1.0154993756952868,0.9699661761854479,1.0150597753742792,0.8753571346315155,1.0841412919568758,0.8753571346315155,1.0841405564239284,0.8753571346315155,1.0841405564239284,0.75489478272035,1.1398303934727791,0.75489478272035,1.1398348249707217,0.6623229139370802,1.1728785772230688,0.6623229139370802,1.1728785772230688,0.6623229139370802,1.1728785772230688,0.6071937472782811,1.0712706935476684,0.6071937472782811,1.0712880753552008,0.5872013556092988,1.086540648668623,0.5872013556092988,1.0865363994608785,0.508993219570084,1.088142913330157,0.508993219570084,1.0881740124849597,0.508993219570084,1.0881740124849597,0.4475961940674173,1.1121567205798921,0.4470655612817084,1.1120021854336954,0.45533793468782235,1.2480747810795463,0.45436560809961984,1.2505510065470213,0.3745228664386309,1.253057222177639,0.37151777427153276,1.2616823571995708,0.37151777427153276,1.2616823571995708,0.3824135575398489,1.3404144776690115,0.3752094523394332,1.337569035609667,0.25736137573526807,1.1630914575973466,0.23794186379454185,1.1394578532289583,0.1966652685858681,1.1470882159153208,0.14828927841696854,1.0541251800793545
10,1.0,1.0000098894377727,0.9814203517498514,1.0222596930169043,0.9814203517498514,1.0217782313910129,0.8918526467168878,1.0813547075398193,0.8918526467168878,1.081358799236202,0.8918526467168878,1.081358799236202,0.8076124018828428,1.1333465153746076,0.8076124018828428,1.1333499550661266,0.657733767253276,1.0970402104538604,0.657733767253276,1.0970402104538604,0.657733767253276,1.0970402104538604,0.671191341979464,1.0801517940629541,0.6712162985527403,1.0801463804414637,0.6303485568453865,1.0762339513111334,0.6303485568453865,1.0762339191950074,0.5769418782189553,1.1108142680915696,0.5769418782189553,1.110841595716732,0.5769418782189553,1.110841595716732,0.5235667767975498,1.1440747655252872,0.523403911648433,1.1442719334174443,0.3887432227162695,1.0321922968062738,0.3879182527751439,1.0332472423299992,0.2830306604556179,0.9226029588690475,0.28149194109656844,0.9253538375683298,0.28149194109656844,0.9253538375683298,0.20415561325340786,0.7739695402597322,0.20453753748628498,0.7801987227694361,0.13512724649023578,0.6366888878634416,0.12761544629196167,0.6242811554520014,0.1366589001320967,0.8181211236911426,0.11925286377120142,0.8189438921953995
11,1.0,1.0000096023686076,0.9529564876126543,1.0030686478794175,0.9530401504594519,1.0027790283276645,0.8119968506326494,1.0257723825921576,0.8119968506326494,1.0257773427437,0.8119968506326494,1.0257773427437,0.6948601569910687,1.0374744139826277,0.6948601569910687,1.0374755801316549,0.5252866482316538,0.9821826494627197,0.5252866482316538,0.9821826494627197,0.5252866482316538,0.9821826494627197,0.5415980982343968,0.9645208301533069,0.5415980982343968,0.9644840641084932,0.4481770340859911,0.8852428322588335,0.4481770340859911,0.8852294865870515,0.321796322161083,0.7788413372550915,0.321796322161083,0.7788209272987763,0.321796322161083,0.7788209272987763,0.2363651336468625,0.6719483945467358,0.23645808482759148,0.6726422099580592,0.12656319721245107,0.48825703698571943,0.12556003644748073,0.4863451627136389,0.09305816946929373,0.44378127001437273,0.09253692701731538,0.4445431837194129,0.09253692701731538,0.4445431837194129,0.10142669327384538,0.5134086303718576,0.10095362960433031,0.5157815299903162,0.013219192343449015,0.1093244220161022,0.018947684811955978,0.15844363747868295,-0.009578486321747912,-0.10291734754824197,-0.0052433662075544625,-0.06065761475334036
12,1.0,1.0000096023686076,0.9637455478039453,1.0071560876801058,0.9637455478039453,1.0066977355582356,0.8325847073437589,1.0312961023826592,0.8325847073437589,1.0313007222276285,0.8325847073437589,1.0313007222276285,0.7486037000515958,1.0840198658558178,0.7486037000515958,1.084021217079455,0.6759238581803894,1.1213143377974548,0.6759238581803894,1.1213143377974548,0.6759238581803894,1.1213143377974548,0.6699653733940931,1.0999642185418144,0.6699653733940931,1.0999547945751014,0.6042765147696253,1.0554341378253556,0.6042765147696253,1.0554274922893436,0.5088195054604483,1.0614141866959794,0.5088195054604483,1.0614088674743072,0.5088195054604483,1.0614088674743072,0.4691622201024552,1.1270601395653403,0.4691444173710018,1.1272688996545657,0.3156441423388111,1.0600094598347374,0.3156441423388111,1.0597800027603088,0.2544711005459769,1.1047055208570378,0.2541055056965783,1.1056348063492119,0.2541055056965783,1.1056348063492119,0.14557648626215877,0.7808263297465774,0.14445249701287305,0.7758236808401917,0.06056069429796425,0.4959383298062786,0.06416760374600174,0.523498715261014,-0.01662943418129334,-0.24610570571219917,-0.01095219885342325,-0.1661556387805951
13,1.0,1.0000096023686076,0.9824893940128052,1.0207314521724564,0.9824893940128052,1.0202961712150873,0.9263707659969126,1.1052026365537366,0.9263707659969126,1.1052070374558927,0.9263707659969126,1.1052070374558927,0.8480240884369173,1.1714509159935937,0.8480240884369173,1.1714546906777894,0.7816360881594623,1.2176417319610262,0.7816360881594623,1.2176417319610262,0.7816360881594623,1.2176417319610262,0.7642714863110417,1.1752691734952805,0.764301387553071,1.1752804187947987,0.7024177624128715,1.156989738704057,0.7024177624128715,1.1569998480800365,0.6389533132419981,1.2193588184981095,0.6389533132419981,1.2193732650368094,0.6389533132419981,1.2193732650368094,0.5800879361553818,1.2461589150965886,0.5797859228156689,1.2464032253347557,0.44125258636828624,1.2128908247937846,0.440101832188612,1.214170830786893,0.4369188073357508,1.4270139915252487,0.4345780724848172,1.4320771838669377,0.4345780724848172,1.4320771838669377,0.38262853952428194,1.5326195326903496,0.38087901154938564,1.536297902346061,0.3749599742553656,2.005936362155773,0.3723343840596926,2.0460637422047827,0.3360420993511516,2.194197792443806,0.31149957722726507,2.322426189711311
14,1.0,1.0000094649943658,0.9244234583237215,0.9908554360259414,0.9246658973412494,0.9906209044174185,0.6773111461031139,0.9660526343516294,0.6773111461031139,0.9660552468704543,0.6773111461031139,0.9660552468704543,0.6046369243291814,1.0104153532767368,0.6046369243291814,1.0104160851739794,0.45850033747207275,0.9760068126962541,0.45850033747207275,0.9760068126962541,0.45850033747207275,0.9760068126962541,0.4740176255176757,0.8978829747558552,0.4740176255176757,0.8978356999477882,0.4676892253791799,0.9082457112398193,0.4676892253791799,0.9082429728718743,0.44763467342950153,0.9943072834205847,0.4476079443392647,0.9943009639293304,0.4476079443392647,0.9943009639293304,0.3694651278528455,0.9555450891005087,0.3693051463893519,0.955707632075549,0.29846557605773855,0.9751712999405702,0.29763434076566564,0.9746765946357318,0.28202094211103,1.109603989541784,0.2792849176761315,1.113822389854248,0.2792849176761315,1.113822389854248,0.2616463353063105,1.1255989182483355,0.2587525344614061,1.1232051468036008,0.20162435417006144,1.1308307538672142,0.1977761357922844,1.148277189618667,0.21576330600173152,1.6045887747264582,0.19515159380607724,1.6974438211031915
15,1.0,1.0000094649943658,0.9665888354552262,1.017315365167492,0.9665888354552262,1.0169618302891656,0.8334030708622433,1.0563987752381623,0.8334030708622433,1.056407288935362,0.8334030708622433,1.056407288935362,0.7442300079019134,1.1256691901386016,0.7442300079019134,1.1256677681673597,0.6184435664888602,1.1386094556999358,0.6184435664888602,1.1386094556999358,0.6184435664888602,1.1386094556999358,0.6434194805689775,1.0913394728424894,0.6434194805689775,1.0912681173965417,0.6253867366356157,1.101250380491037,0.6253867366356157,1.1012567637349808,0.5485501427875557,1.1263858424273738,0.5485160661796279,1.126359522263541,0.5485160661796279,1.126359522263541,0.481158691553006,1.131864066493689,0.4809510074420299,1.1321647734867086,0.4456230479204747,1.181347648221248,0.44412309139769396,1.1819517530629653,0.3635459803669363,1.1795320880663729,0.3587149477743208,1.1818224900255667,0.3587149477743208,1.1818224900255667,0.36653636506446113,1.2633249470384011,0.3641520574953252,1.2658825807361822,0.3048466052459304,1.284514654238834,0.29630447618964195,1.2977251908897334,0.3126400802145181,1.6659835598326191,0.29489606676942787,1.7839564656900886
16,1.0,1.0000098894377727,0.9846755310995153,1.0263008921622094,0.9846755310995153,1.0257766904539989,0.9307530166748939,1.1170876496652773,0.9307530166748939,1.1170907293927763,0.9307530166748939,1.1170907293927763,0.8442688914667429,1.1967291419071158,0.8442688914667429,1.1967340170253487,0.7818428139543019,1.2639974286625537,0.7818428139543019,1.2639974286625537,0.7818428139543019,1.2639974286625537,0.7371046049538579,1.1831198374380478,0.7371105963825981,1.1830865761026133,0.7068237020173749,1.1709181261826909,0.7068237020173749,1.1709292344199427,0.6602637200307595,1.2274749425190725,0.6602267915739213,1.2274388006718817,0.6602267915739213,1.2274388006718817,0.550555957175961,1.1879978741208899,0.5498572163100697,1.187614072758465,0.5235465716991304,1.294296010681284,0.5213301570165408,1.2946663512008743,0.4875915654352745,1.3990895423186003,0.48057330217121547,1.4019525093859502,0.48057330217121547,1.4019525093859502,0.4535914801381775,1.4477695318930448,0.4515892447445596,1.4541425798767176,0.4096289689920242,1.5745764856775957,0.3885255805993035,1.5847443841513495,0.3586030818830261,1.7737409272597,0.3140396234010113,1.8249197133324764
17,1.0,1.000009743789258,0.9502034970861648,1.0045226259890572,0.9502034970861648,1.004097592093926,0.8315777956342988,1.025847893204361,0.8315777956342988,1.025850928152117,0.8315777956342988,1.025850928152117,0.6410232550548804,0.9542749834035956,0.6410232550548804,0.9542753806872252,0.43358314703216316,0.8151492107159186,0.43358314703216316,0.8151492107159186,0.43358314703216316,0.8151492107159186,0.5205727843621218,0.9147194591304831,0.5207024890309203,0.914870235785784,0.49226346679013916,0.9257506551293748,0.49226346679013916,0.9257384152732183,0.41768357140356116,0.9205065861778258,0.41768357140356116,0.9205109985080862,0.41768357140356116,0.9205109985080862,0.3796197861872054,0.9273719781928633,0.37943699430802313,0.9273771292283534,0.29835244417700485,0.8990279463661964,0.2970955486700163,0.8987062431185309,0.25193808541360735,0.8844938631217673,0.24989963229990533,0.8871410490315225,0.24989963229990533,0.8871410490315225,0.24156069597798646,0.8754402880473058,0.23789183030795086,0.8710583027012716,0.10276989880667971,0.5090091904158345,0.09370965203260966,0.4853397629911088,0.10396358673343185,0.6062084446422522,0.08813608204921275,0.5954657081704048
18,1.0,1.0000094649943658,0.9411327691342284,1.0107574137236743,0.9411327691342284,1.0104879768655906,0.771584445227252,1.0535147540728715,0.771584445227252,1.0535262251140376,0.771584445227252,1.0535262251140376,0.6605657846595213,1.1922784933377748,0.6605657846595213,1.192275139282538,0.5643224805434559,1.361163452352285,0.5643224805434559,1.361163452352285,0.5643224805434559,1.361163452352285,0.5860539402178565,1.1651225925489668,0.5860539402178565,1.1649964373076982,0.5843685782803645,1.162112329672931,0.5843685782803645,1.1621131038472303,0.48079745835860366,1.1391099305645755,0.48079745835860366,1.1391336071087363,0.48079745835860366,1.1391336071087363,0.49217908715179987,1.2361025139595152,0.4922744307221002,1.236724358352994,0.4590031712515015,1.3398944876827128,0.4590583143610857,1.3433543791593092,0.37438438684115505,1.4083705428988271,0.37266875216676487,1.4169335990357972,0.37266875216676487,1.4169335990357972,0.39370632729231525,1.5128726179737175,0.39149243457177596,1.5174347210162487,0.37430746160400036,2.013736467296715,0.35849671750432754,2.0576076585523095,0.3243585915230258,2.572313392445984,0.29735599329549905,2.8668013757032127
19,1.0,1.0000101942001327,0.9302291150633657,0.9820590252284808,0.932203428062381,0.9830014060742365,0.7295655098824261,0.945064084402373,0.7295655098824261,0.9450639241797121,0.7295655098824261,0.9450639241797121,0.562576449439475,0.8972372406554833,0.562576449439475,0.8972423485867416,0.4014367603958376,0.7945765356989674,0.4014367603958376,0.7945765356989674,0.4014367603958376,0.7945765356989674,0.4530112707258242,0.8566179973349938,0.45298599120499544,0.8565812917230898,0.3858588777607799,0.7897015482947055,0.38567551999354194,0.7892737770402838,0.33026138944560535,0.7780494604267713,0.3302171179234058,0.7780197055723346,0.3302171179234058,0.7780197055723346,0.3051988541360695,0.7966615702056146,0.3046717355852526,0.7962309657995857,0.24186676027284806,0.7528013492332453,0.23978381764873957,0.7502566199319719,0.20026357760817173,0.7075831885752056,0.19677496033190475,0.706962225136031,0.19677496033190475,0.706962225136031,0.27372147879437864,0.9801491873645505,0.27005036585692327,0.9783473370004707,0.2488004739812018,1.0584111942943668,0.23990058442472914,1.059958914430286,0.17309525793422387,0.9913528367735713,0.14954918256179614,0.9818545750286815
20,0.9989410185026011,0.9994718178634568,0.9578007388735117,1.0051377769864547,0.9585823851418802,1.005101415001831,0.8510009683967346,1.0531053946528626,0.8510009683967346,1.0531099849237266,0.8510009683967346,1.0531099849237266,0.7521039888991333,1.095019234993734,0.7521039888991333,1.0950231034745768,0.6616380166790808,1.1313894457467397,0.6616380166790808,1.1313894457467397,0.6616380166790808,1.1313894457467397,0.6353976481164281,1.0588618964215752,0.6353976481164281,1.0588646929351129,0.5546769972471,1.0053202295010155,0.5546899106891472,1.0053444857509137,0.3875029939876864,0.8641315973755517,0.38750293301893685,0.86416278803947,0.38750293301893685,0.86416278803947,0.3594718631967102,0.8841553472761405,0.3581625559961176,0.8824511789177725,0.261093122677812,0.779515399924258,0.25776798849522764,0.7744370224760808,0.20611587684364877,0.7276654965926561,0.19401612650641045,0.7015207226533515,0.19401612650641045,0.7015207226533515,0.142397716234865,0.5611629605944332,0.1366859718017542,0.5464531866347957,0.07057328470719298,0.3710097759209797,0.0551328096365717,0.309069605196503,0.07110745801509023,0.46591991250608,0.032892685845693125,0.2662680730072523
21,1.0,1.0000098894377727,0.9111053529351504,0.9782451564429825,0.9111432392810082,0.9779710464773971,0.6647545185315835,0.9203553882102913,0.6647545185315835,0.9203589561658079,0.6647545185315835,0.9203589561658079,0.5071868895986167,0.8544543851206606,0.5071868895986167,0.8544550514400464,0.4480177340378897,0.9016418529528631,0.4480177340378897,0.9016418529528631,0.4480177340378897,0.9016418529528631,0.5768964546659671,1.009786063230176,0.5768964546659671,1.009737594020255,0.6057893082835819,1.0672866118050541,0.6057893082835819,1.0672973550437266,0.5212091713365793,1.0669105154501421,0.5212091713365793,1.0669393763143682,0.5212091713365793,1.0669393763143682,0.4700456049489469,1.0746338390284729,0.47005898083120345,1.0751090848172418,0.4169435301240842,1.0689705668422784,0.4162906439298456,1.070104340928785,0.3760327405850818,1.12096073901917,0.37377604337159687,1.1250801078331518,0.37377604337159687,1.1250801078331518,0.36779102693903426,1.1315485494288235,0.36411861181542904,1.130900669270435,0.2901354111935048,1.1508597970141543,0.28359568636481164,1.163107062152134,0.22493429764234762,1.1122204105995126,0.20330618253397506,1.1295695334124676
22,1.0,1.0000094649943658,0.9400273164730225,0.996185043592117,0.9414108342905401,0.9963673453198468,0.7078477176741969,0.9385528712310619,0.7078477176741969,0.9385586492550095,0.7078477176741969,0.9385586492550095,0.5635435093318845,0.9264447784890937,0.5635435093318845,0.9264457681682907,0.4141903204247858,0.8342923908314162,0.4141903204247858,0.8342923908314162,0.4141903204247858,0.8342923908314162,0.5095638810982607,0.9353398815705957,0.509712669245459,0.9355307304722315,0.5045602561198316,0.9703859276639281,0.5045602561198316,0.9703823020688712,0.40288193534020456,0.9412476775280365,0.40288193534020456,0.9412863020717752,0.40288193534020456,0.9412863020717752,0.4347658876493478,1.1033120887646621,0.4338329204717916,1.1028872053582852,0.42904958630372575,1.1938379741536724,0.4250994899114153,1.191622274267955,0.40455100640829306,1.2861607294599937,0.39501159448101464,1.2825354611786146,0.39501159448101464,1.2825354611786146,0.4010858421124718,1.344113216450245,0.39954199104345023,1.3481463436405925,0.41911671473669243,1.6517797784074626,0.40903001704766934,1.677975982935032,0.3286956729543639,1.6432104786325443,0.29448425900697184,1.6943376134382724
23,1.0,1.000009743789258,0.9591906996734825,1.0083335810559224,0.9592161469182393,1.0078891014315978,0.8789904312298812,1.0742437733027528,0.8789904312298812,1.0742437200597759,0.8789904312298812,1.0742437200597759,0.7269840375176355,1.09233905824926,0.7269840375176355,1.0923427833688237,0.6339397698415717,1.1081971209284422,0.6339397698415717,1.1081971209284422,0.6339397698415717,1.1081971209284422,0.6066970359294327,1.0267674484457516,0.6066941923629191,1.0267598054299287,0.5313793662966618,0.9738363370976278,0.5313793662966618,0.9738261596730194,0.4411013000155472,0.9500919417821589,0.4411013000155472,0.9501136088760264,0.4411013000155472,0.9501136088760264,0.41071738716632067,1.0011886888097679,0.4105372025406638,1.0013357771563902,0.3171823382128886,0.8992681470034003,0.3161479977706993,0.8988426420685476,0.22076414196292693,0.7503620430088933,0.21907840972229928,0.7518727051947863,0.21907840972229928,0.7518727051947863,0.1791776882105296,0.6636856618021764,0.17875459113632522,0.6664723683680501,0.0835657205147913,0.394776685349656,0.07198895523338639,0.3552355747444577,0.10380325025299114,0.6192674526361536,0.07895616731875035,0.5533537419861464
24,1.0,1.0000096023686076,0.9662996019457616,1.0096546448403851,0.9666189805308602,1.009463163988246,0.8711651383261619,1.0572218721116005,0.8711651383261619,1.0572236512140378,0.8711651383261619,1.0572236512140378,0.7451700040234343,1.084095812613525,0.7451700040234343,1.0840998447401835,0.6779824194572588,1.1489405141494717,0.6779824194572588,1.1489405141494717,0.6779824194572588,1.1489405141494717,0.6536366462948787,1.080889224140437,0.6536366462948787,1.0808848892953862,0.5934394351813634,1.0489923794712108,0.5934583302411071,1.0490060998041284,0.49212834788685306,1.0273263825163828,0.4919852353902321,1.027043085140649,0.4919852353902321,1.027043085140649,0.4070406435077752,0.975201672732941,0.4064375309016944,0.9748486431833129,0.31142420923344205,0.9340439628343917,0.30944247938075203,0.932805638354396,0.22713641079966734,0.8073182515514068,0.22149499300350392,0.7999709360231807,0.22149499300350392,0.7999709360231807,0.17703385052817647,0.7438211040289592,0.174425035726108,0.7404223770218652,0.08466675571969726,0.48991022250321314,0.08029003015467769,0.48620500000430145,0.1016357155462687,0.7311318842383524,0.058638100513161984,0.515842961164286
25,1.0,1.000009743789258,0.9632946404350682,1.0108759522845308,0.9636871754363745,1.0107312809060045,0.831761789046852,1.0355310440802015,0.831761789046852,1.0355327667232994,0.831761789046852,1.0355327667232994,0.6986937146274541,1.050675086030559,0.6986937146274541,1.050678669890386,0.5935286064147743,1.0679173336996304,0.5935286064147743,1.0679173336996304,0.5935286064147743,1.0679173336996304,0.6415739026017833,1.0671048104705094,0.6415849635844936,1.0670024728486671,0.6048815208967859,1.038117952232272,0.6048815208967859,1.0381201411860561,0.4988221773656609,0.9907330396438513,0.498876067064874,0.9908588417354607,0.498876067064874,0.9908588417354607,0.4600727669544152,1.0089111351459188,0.4598855217008441,1.0090586733424018,0.4177002272393732,1.0603529556154412,0.41742216294191814,1.0624384507724651,0.4194040812261593,1.2017021859149473,0.41542967741027104,1.2045308591868495,0.41542967741027104,1.2045308591868495,0.44097453536210973,1.3359317707594347,0.4377353473271288,1.338111968335545,0.41228936173524994,1.5240626299140263,0.3979874222107862,1.5364902276596375,0.31831821052687653,1.6623203153611414,0.29190670925910694,1.7273013923196558
26,1.0,1.000009743789258,0.9379439849624291,0.9983356070430015,0.9395997939968056,0.9988790028508928,0.6234800874906017,0.8700011058351648,0.6234800874906017,0.8700093173735278,0.6234800874906017,0.8700093173735278,0.6475412951626296,1.054073358188035,0.6475412951626296,1.0540746102486362,0.4903639924805765,0.9681314419245148,0.4903639924805765,0.9681314419245148,0.4903639924805765,0.9681314419245148,0.602327134297701,1.0459468467186912,0.602327134297701,1.045871477622541,0.5974474373479698,1.0654063290065605,0.5974474373479698,1.0654166940653316,0.46633193118675353,0.9746234410552743,0.4663477300686518,0.9746835002730334,0.4663477300686518,0.9746835002730334,0.35697254322842653,0.879957618114646,0.3567784903570375,0.880123594232508,0.30629656072786815,0.8913481979628626,0.304820040536282,0.890923711156024,0.2614283497954316,0.9212406068302806,0.2584063654823514,0.92335765818211,0.2584063654823514,0.92335765818211,0.29018048302284516,1.024768264426653,0.28824423275865385,1.026024493303539,0.15980127982123088,0.7979700908908918,0.15252864713715575,0.7955878511995675,0.1634097951227817,1.0887813327613798,0.15551907454091063,1.1926372288095375
27,1.0,1.000009743789258,0.9545409605740098,1.0044554244007884,0.9549868340095032,1.0043261939568566,0.8015613463985685,1.015182812419061,0.8015613463985685,1.0151848081476034,0.8015613463985685,1.0151848081476034,0.6671647464197656,1.014811037444753,0.6671647464197656,1.0148142427851494,0.5733477654258361,1.0421344244141733,0.5733477654258361,1.0421344244141733,0.5733477654258361,1.0421344244141733,0.6245825628544721,1.057992761946956,0.6246547990298115,1.0580644589983705,0.5776387363599949,1.0362677478438889,0.5776387363599949,1.036265915355304,0.538859474299318,1.1021480012941323,0.538859474299318,1.102175775042162,0.538859474299318,1.102175775042162,0.5058888144480791,1.1623561083160396,0.5055491366499121,1.1624988477128924,0.4038673034239877,1.087106848576517,0.4029569110139357,1.0883180880619348,0.3399711819874823,1.0431422329632865,0.33475515019532603,1.0408773762442798,0.33475515019532603,1.0408773762442798,0.28603108910870206,0.957595042203154,0.28474745433557314,0.9592491858827281,0.1945967942379383,0.804152394834513,0.18100490498230354,0.7806388331505135,0.14633109503403718,0.7330966104015536,0.11962780807068406,0.6764472269132523
28,1.0,1.0000094649943658,0.9790130193854543,1.0216228887081933,0.9790130193854543,1.0211997437770106,0.8946489901032695,1.0890378844332567,0.8946489901032695,1.0890437747106538,0.8946489901032695,1.0890437747106538,0.8028683702566214,1.138159859851978,0.8028683702566214,1.1381608342337277,0.7236650756002514,1.2279125886863067,0.7236650756002514,1.2279125886863067,0.7236650756002514,1.2279125886863067,0.7192019667088948,1.1765861888829772,0.7192019667088948,1.1765122377470216,0.6717974263786052,1.1559055514846712,0.6717974263786052,1.1558983371183424,0.6174097614227819,1.2264895599850116,0.6174097614227819,1.2265124284208893,0.6174097614227819,1.2265124284208893,0.48077588740611177,1.1450975556527212,0.48051635063404524,1.1452625603302884,0.4044084131377097,1.1558102163850985,0.4027416418238288,1.1556394532478007,0.37662095592080647,1.272967126336393,0.3742016736978792,1.2829816810994763,0.3742016736978792,1.2829816810994763,0.3569247143007116,1.2988583257964899,0.3536780087335909,1.3003036679139237,0.3313947598438989,1.6013093773211544,0.3200489484403738,1.623848856435303,0.2693292436748784,1.8076489165157024,0.25110394341326364,1.9678318568632527
29,1.0,1.0000096023686076,0.9748314610202649,1.017372323279899,0.9748314610202649,1.0169465423351902,0.9002927238124384,1.0828697025234089,0.9002927238124384,1.0828759174904359,0.9002927238124384,1.0828759174904359,0.8119146612082837,1.1277567746695298,0.8119146612082837,1.127758564845192,0.7435744710288459,1.1920759093349338,0.7435744710288459,1.1920759093349338,0.7435744710288459,1.1920759093349338,0.7110207489630588,1.1230827175443172,0.7110207489630588,1.1230447280490223,0.7057600823976037,1.150246123569301,0.7057600823976037,1.150236470645175,0.6303036322593791,1.1808129177787166,0.6303036322593791,1.1808316452158822,0.6303036322593791,1.1808316452158822,0.560639135012942,1.2125953568806263,0.5606557093675426,1.2129198309864322,0.5117524698388006,1.321162369556587,0.5114196650489453,1.3230656598628732,0.45531958483479845,1.4745453430454867,0.454851129871639,1.4835484472937288,0.454851129871639,1.4835484472937288,0.46333912717611797,1.6475758023614944,0.46227098039258224,1.6541434032000955,0.41237730128385325,1.9620258337812735,0.4066038880592972,2.00461848369341,0.3065215212873099,2.0316907018152035,0.29697733123821946,2.15872997665634
30,1.0,1.0000094649943658,0.9504565590759924,1.0013272731866123,0.9504565590759924,1.0009136866373527,0.7778271023507922,0.9882851659516986,0.7778271023507922,0.9882888356389586,0.7778271023507922,0.9882888356389586,0.6292292387708234,0.9656328122754698,0.6292292387708234,0.965632840519017,0.5531914020193578,1.0156648008203666,0.5531914020193578,1.0156648008203666,0.5531914020193578,1.0156648008203666,0.5331747149045868,0.9652240389317444,0.5331747149045868,0.9651937968902011,0.46085009187419446,0.9182363341820443,0.46085009187419446,0.9182399495933469,0.31022783810392945,0.7865826248263381,0.31021474801346355,0.7865405341228324,0.31021474801346355,0.7865405341228324,0.26904495381004445,0.7745492586440995,0.2691800326970428,0.7750335854187942,0.17285229325378115,0.661624029932946,0.1731073156898541,0.6629065731620656,0.13496922500963568,0.6502015453354218,0.13460605583785207,0.6523972902148549,0.13460605583785207,0.6523972902148549,0.16914065556419455,0.8400180913091609,0.1684235875614777,0.8411071289547877,0.09297991807204128,0.685791098525575,0.09231178875462195,0.6927579336059202,0.03843677975212495,0.4509641732799613,0.03363385177041779,0.4435361712019248
31,1.0,1.0000096023686076,0.9749642142121284,1.015404856068058,0.9749709365718722,1.014974608948508,0.8796921634019561,1.0588103052957187,0.8796921634019561,1.058812548023286,0.8796921634019561,1.058812548023286,0.7640297755239399,1.0885021891535684,0.7640297755239399,1.0885042724211238,0.6813159557478556,1.1116858275866115,0.6813159557478556,1.1116858275866115,0.6813159557478556,1.1116858275866115,0.6722870555079079,1.0869375451502779,0.6723371612963347,1.0869592571086573,0.6007625614885359,1.051158911271151,0.6007625614885359,1.0511497957898914,0.5458198313762856,1.0648641772782386,0.5458198313762856,1.0648936652597587,0.5458198313762856,1.0648936652597587,0.49606894198038654,1.103435594027911,0.495912347684925,1.103793982233293,0.4083076768858819,1.076992913875887,0.4079047538123605,1.078745807978324,0.3554046458855542,1.0939709228966745,0.3539446919288817,1.1007941277864164,0.3539446919288817,1.1007941277864164,0.3559464374094854,1.175121403135232,0.3543712900923282,1.1786447252753551,0.2979892972067492,1.2306417893862005,0.2930701891307047,1.2522085715276048,0.24306190421001614,1.3076579438863336,0.2244870970861126,1.3697159420483664
32,1.0,1.0000094649943658,0.9530516647181028,1.0066127196946928,0.9538829522578761,1.006442339358286,0.8056336872171507,1.0172738580613574,0.8056336872171507,1.0172784531114254,0.8056336872171507,1.0172784531114254,0.7382801715300564,1.0815829671158166,0.7382801715300564,1.081587629442735,0.6829974903803162,1.160428452139896,0.6829974903803162,1.160428452139896,0.6829974903803162,1.160428452139896,0.6486237703105008,1.0744662893878705,0.6486586013975508,1.0744795749904152,0.6752705105163399,1.1358353440165279,0.6752705105163399,1.1358271898494785,0.605914812690366,1.1718026509335875,0.6059376864807687,1.1718413723430368,0.6059376864807687,1.1718413723430368,0.519581871905856,1.1690945194377658,0.5196162177981596,1.1696350256021997,0.44923519806982243,1.1709360832817404,0.44871552024837624,1.1731626903771468,0.4041461755356959,1.2350339031412707,0.4026908921799384,1.2429169745561204,0.4026908921799384,1.2429169745561204,0.36397928107955724,1.2180965320794526,0.3613968936300828,1.217473376883571,0.26843224319581027,1.1583080435192656,0.2620694398632885,1.173543310532248,0.2253728974894812,1.2456801927475207,0.1939073214070904,1.2614358977064548
33,1.0,1.0000094649943658,0.9480959533668417,1.0027844698750426,0.9497555628182505,1.003432978318631,0.8138200767783985,1.0179228122031065,0.8138382604108236,1.0179595851824856,0.8138382604108236,1.0179595851824856,0.7463520291641301,1.0770870067732952,0.7463520291641301,1.0770939304144063,0.6113313991296635,1.0535644601732528,0.6113313991296635,1.0535644601732528,0.6113313991296635,1.0535644601732528,0.6368709275653957,1.0611511492088201,0.6368709275653957,1.0611298844021164,0.6127533429205355,1.049250561902998,0.6127533429205355,1.0492467302439141,0.513912939729704,1.0515778247686007,0.5139179336385071,1.051554222978961,0.5139179336385071,1.051554222978961,0.4470153961240584,1.0364503180663538,0.4469282348594957,1.0366296701397808,0.38575077307465977,1.0389306848683346,0.38498008700762676,1.0404163943619693,0.3165083879547909,1.0147511112752223,0.31427616023155436,1.0177182102653601,0.31427616023155436,1.0177182102653601,0.3084210849574761,1.0822557033429383,0.3067671942255581,1.0840069388641431,0.2548961123565173,1.1278525333862564,0.2462067306282799,1.1312482292710018,0.2080387346590135,1.2588635473050969,0.1886256885457292,1.3161406981129813
34,1.0,1.0000094649943658,0.9834569692053418,1.0233491427597923,0.9834569692053418,1.0228639509663326,0.915691435812167,1.09845672426894,0.915691435812167,1.0984599839369142,0.915691435812167,1.0984599839369142,0.8115733166026153,1.1371054163235734,0.8115733166026153,1.1371099705246013,0.743702882397978,1.1779547805464972,0.743702882397978,1.1779547805464972,0.743702882397978,1.1779547805464972,0.7356808970427612,1.1493373831095348,0.7356808970427612,1.1493131543921984,0.6905409526806514,1.1333462591181118,0.6905409526806514,1.1333388764915988,0.667692185951939,1.2234601694968192,0.667692185951939,1.223472569079867,0.667692185951939,1.223472569079867,0.5836279894237381,1.245342884082604,0.5835270456960584,1.245600518364547,0.461281509981979,1.239545163976172,0.4609647869416647,1.241710193265913,0.422315503264852,1.329712539989757,0.42098090874561434,1.3337659594496722,0.42098090874561434,1.3337659594496722,0.3874794994263878,1.318640900829645,0.3876325177681145,1.3252038489637419,0.3110076114506808,1.417616335914245,0.30522922063646646,1.4304449426284858,0.2934338085946015,1.6662689848647732,0.272780391824216,1.7301865287439098
35,1.0,1.0000094649943658,0.9175992864311593,0.9793792623771053,0.9175992864311593,0.9790633779907343,0.6921996005650713,0.9151183777178487,0.6921996005650713,0.9151257895687404,0.6921996005650713,0.9151257895687404,0.49505920188710784,0.8195461085151643,0.49505920188710784,0.8195461821349402,0.35929532403648456,0.7186720882883856,0.35929532403648456,0.7186720882883856,0.35929532403648456,0.7186720882883856,0.5010311393883892,0.8958300550913714,0.5012534262575514,0.8961322058069585,0.47399754331418525,0.8932613953071569,0.47399754331418525,0.8932598479540088,0.40020000553216656,0.8705146353770795,0.40020000553216656,0.8705011092755895,0.40020000553216656,0.8705011092755895,0.3352616830745799,0.840582355780695,0.3353143267053125,0.8410751822846514,0.2732484734970892,0.833941589163108,0.2717789762233946,0.8326572559885431,0.19098358646371583,0.7178604116907359,0.18875172687699884,0.7163169222488055,0.18875172687699884,0.7163169222488055,0.22756320178119566,0.8867033302686779,0.22599989762105108,0.8885336539537263,0.18242004517442847,0.8746752558644928,0.17860714358091528,0.8846113857252731,0.11934512729023312,0.7700115720113545,0.09949240296143042,0.7391218662443265
36,1.0,1.0000094649943658,0.9642194489182172,1.008553952917102,0.9643135231887219,1.0081821725970164,0.8445620901620338,1.0340055772933394,0.8445416518182373,1.0340011943418395,0.8445416518182373,1.0340011943418395,0.6953508747478555,1.0467980471704683,0.6953508747478555,1.04679875489712,0.5892164694220751,1.0562476983075322,0.5892164694220751,1.0562476983075322,0.5892164694220751,1.0562476983075322,0.5500147934432713,0.9650834690491964,0.5500147934432713,0.9650814539856495,0.5112305650321393,0.949529093592957,0.5112305650321393,0.9495282681810593,0.39228356023226285,0.8638525899629823,0.39222865494405634,0.8638061532991368,0.39222865494405634,0.8638061532991368,0.36725467552799373,0.9035305371267136,0.3672532362001137,0.9040331775107023,0.2910688552674446,0.8478886241792122,0.2886860626047997,0.84519756514089,0.23233435279602144,0.7783868533823977,0.2256566363263633,0.7693168020010517,0.2256566363263633,0.7693168020010517,0.2364165907526471,0.8330343196993324,0.23611988470152784,0.8376553629596237,0.1859494911572489,0.8386847454680926,0.17628494386977953,0.8262904827163482,0.16396909645366914,0.962401277467426,0.15245628010462062,1.0008431586392825
37,1.0,1.0000094649943658,0.9605409995114769,1.0090958764625173,0.9618438623675221,1.00949757828117,0.8310366089929347,1.040910191954563,0.8310326326193882,1.0409106376916217,0.8310326326193882,1.0409106376916217,0.733000701559049,1.0837106238363021,0.733000701559049,1.0837142787938203,0.7197622165940532,1.1825619276350179,0.7197622165940532,1.1825619276350179,0.7197622165940532,1.1825619276350179,0.7222741681390907,1.1369933394832499,0.7224129604606985,1.1370856166205938,0.6605835901190891,1.0994050793573884,0.6605835901190891,1.0994012225098573,0.6198755445396097,1.154584048194351,0.6198879747793279,1.1546023568834094,0.6198879747793279,1.1546023568834094,0.526733682845097,1.1246997127960412,0.5263281687431388,1.1245715431720975,0.4682560948902247,1.1733761471400248,0.4679016235874001,1.175556821299146,0.4259707532784754,1.2413179903134124,0.42330238254029906,1.2451118289558798,0.42330238254029906,1.2451118289558798,0.37310096931440256,1.1816885582014163,0.3723772305932016,1.1849582303102388,0.32491986688834396,1.3031897677234532,0.31719152172028026,1.315250532970213,0.2887329242372126,1.433887739370545,0.26369558527549214,1.460245459370173
38,1.0,1.0000094649943658,0.9495493746519473,1.0035709574385303,0.9496245911473783,1.0032438851086911,0.8183895739008359,1.0276146186066115,0.8183895739008359,1.0276207725279454,0.8183895739008359,1.0276207725279454,0.6997390168494231,1.0240285699130447,0.6997390168494231,1.0240303612514658,0.6054885913736578,1.0821174018697306,0.6054885913736578,1.0821174018697306,0.6054885913736578,1.0821174018697306,0.6327920525243159,1.087229040356474,0.6327920525243159,1.0872022166061974,0.5999192499499916,1.1053856499451906,0.5999192499499916,1.1053830775001947,0.4856537396044698,1.0849678573853863,0.4856537396044698,1.0849860414961887,0.4856537396044698,1.0849860414961887,0.4660408098188879,1.188750022159707,0.46605011968178794,1.1894741417871024,0.4646447023611867,1.3606921214059855,0.46334298605576413,1.3625531898743062,0.4462575355176019,1.5232477678866614,0.4438125249617035,1.5326179349061766,0.4438125249617035,1.5326179349061766,0.4577487833715179,1.7272125129014118,0.4551755616511501,1.7338633797168452,0.4842188445273259,2.2062821023887995,0.47432742202287287,2.261695830999213,0.5039272581219882,2.745324674368189,0.47126998907372497,3.0155150410502443
39,1.0,1.0000096023686076,0.9807201946456198,1.0213911831346447,0.9807201946456198,1.0208946183307328,0.9184200869032176,1.0997931549155469,0.9184200869032176,1.0997965392906957,0.9184200869032176,1.0997965392906957,0.8372789251274917,1.1764281991083274,0.8372789251274917,1.1764328522878,0.7739725497092322,1.2248348829068803,0.7739725497092322,1.2248348829068803,0.7739725497092322,1.2248348829068803,0.7532462073103318,1.174644855641172,0.7532462073103318,1.1746472344440835,0.6865452220389134,1.14086032463582,0.6865452220389134,1.1408503428076129,0.6508190313672151,1.2353658317046852,0.6508190313672151,1.2353843951483645,0.6508190313672151,1.2353843951483645,0.569753347867462,1.226911857701181,0.5696905498557583,1.2271469163348236,0.4340378262508674,1.2754049027334948,0.4340378262508674,1.2763294018460096,0.3427914683025316,1.3377347554662185,0.34215169208817997,1.3387848644848457,0.34215169208817997,1.3387848644848457,0.3484620724273031,1.6019019330890574,0.3478366473491661,1.603128832114058,0.2755565703279918,1.8583953290068598,0.2752429874886719,1.8895670330095764,0.25602246721303124,2.4002394236075437,0.24615901827455858,2.543378962209051
40,1.0,1.0000096023686076,0.9608962084726268,1.008887048729195,0.961082351769329,1.0085822070695525,0.8582499095368975,1.0562851812173932,0.8582499095368975,1.056288664282163,0.8582499095368975,1.056288664282163,0.7281335682360932,1.0756233641133806,0.7281335682360932,1.0756259162266963,0.6677729992882075,1.135022350674164,0.6677729992882075,1.135022350674164,0.6677729992882075,1.135022350674164,0.644874932361997,1.079901876021142,0.6449527930575961,1.0799633481336948,0.6252533713925701,1.0806734262802422,0.6252533713925701,1.0806781744932743,0.5733758076924554,1.117096072460147,0.5733758076924554,1.1171313458444476,0.5733758076924554,1.1171313458444476,0.49813099712724,1.1217224294078012,0.4972968280700952,1.1211290510022396,0.45760786992309344,1.156852360929911,0.45393911331286724,1.153976449590873,0.4019302229553017,1.1682766002332428,0.394010892812955,1.1633250692130745,0.394010892812955,1.1633250692130745,0.35601728257526283,1.1263385210280092,0.35280835011253764,1.1258492342206952,0.2732000015243289,1.0789993945659193,0.2607935200045111,1.0736104210209443,0.2027406168500972,1.000734770512406,0.16695800351521445,0.9418353775589969
41,1.0,1.0000096023686076,0.9107964606637138,0.9805768180564292,0.9107964606637138,0.9802587996064337,0.6882329510344283,0.9588586826036445,0.6882329510344283,0.9588653600092611,0.6882329510344283,0.9588653600092611,0.6191864766381817,1.049578666266179,0.6191864766381817,1.0495787507283425,0.5526136244436661,1.070422845839761,0.5526136244436661,1.070422845839761,0.5526136244436661,1.070422845839761,0.6153074979545586,1.0642763668748487,0.6153074979545586,1.0641974293304668,0.603851671176534,1.071739536111586,0.603851671176534,1.0717363992062374,0.4935925374351406,1.030631218994811,0.49359996417816987,1.0306856216826905,0.49359996417816987,1.0306856216826905,0.4451833404491735,1.044083449568136,0.44488552308522084,1.044076040277419,0.43714886329056013,1.1587635344577656,0.4356365445077469,1.1596342254886856,0.35681652105437595,1.1248721606487913,0.3526491461167,1.1259400391616383,0.3526491461167,1.1259400391616383,0.3431884001035932,1.1098930211285525,0.3393277819888106,1.108589856521815,0.3002960222979164,1.2258255863378238,0.2918480961298267,1.2385959546090886,0.24354885626224757,1.257142233435106,0.2192757964471989,1.287387180305032
42,1.0,1.0000055379211592,0.9687621233559119,1.0152244317058592,0.9715560964838619,1.0168190559569192,0.8648805944083483,1.0873183983355312,0.8648805944083483,1.0873157461049414,0.8648805944083483,1.0873157461049414,0.7320857697701303,1.1376472131510185,0.7320857697701303,1.1376518386961763,0.6997573240951414,1.3667248715556626,0.6997573240951414,1.3667248715556626,0.6997573240951414,1.3667248715556626,0.6243067731751899,1.187801312663285,0.6240222540077845,1.1872529220835828,0.5872265622622916,1.1598273609121172,0.5872546121910386,1.159906004963969,0.5947031797799405,1.319341265093088,0.5946976165073707,1.3194568947616863,0.5946976165073707,1.3194568947616863,0.5498726718880383,1.3690599272871165,0.5486284131301531,1.3679272166123055,0.5808292443872017,1.5417479211263263,0.5780308278806809,1.5428520533065964,0.5621958291599448,1.741363345089235,0.5521750000786705,1.751207472653885,0.5521750000786705,1.751207472653885,0.5485826683757108,1.8350217594157727,0.5410881214310367,1.8480382510872178,0.5268193069381027,2.278201661722386,0.5041831900022345,2.3426143313581362,0.44905306778624976,2.7596399912081946,0.41770154221324696,3.1047872363447446
43,1.0,1.0000055379211592,0.9728769657350402,1.0173669500434144,0.9740388158015086,1.0177893728134377,0.890401797209733,1.083922970738749,0.890401797209733,1.083925851052258,0.890401797209733,1.083925851052258,0.7890162673847967,1.1567525767347089,0.7890162673847967,1.1567576331626253,0.7424579825847295,1.2577495728502994,0.7424579825847295,1.2577495728502994,0.7424579825847295,1.2577495728502994,0.6610205501990915,1.1402190457121968,0.6608570001719849,1.139794519511493,0.6212140913123025,1.1305905710497257,0.6212140913123025,1.130576095970567,0.5917214215064128,1.185596976950406,0.5917214215064128,1.185615374774336,0.5917214215064128,1.185615374774336,0.4666619682745948,1.0948747710355955,0.46629305353103306,1.094999407338826,0.3980281169276547,1.1097704783485793,0.395120661230529,1.1080090824713966,0.36114757670943803,1.2248843871800035,0.35776999224048905,1.2292690256509242,0.35776999224048905,1.2292690256509242,0.36761264591703346,1.2907616900534846,0.3623976095736237,1.2870101790597046,0.29356377574850673,1.2695772802873062,0.2779805201222578,1.2631614998142182,0.25503809177399606,1.4923397594266037,0.2260263279677164,1.52772958607664
44,1.0,1.000009743789258,0.951969122589539,1.000010312775089,0.9530304712373878,1.0002236298708513,0.8410302207401804,1.033440987387192,0.8410302207401804,1.0334436262230666,0.8410302207401804,1.0334436262230666,0.6698667866059128,1.0049847360017334,0.6698667866059128,1.0049888916356526,0.5819005218784732,1.0258714543240166,0.5819005218784732,1.0258714543240166,0.5819005218784732,1.0258714543240166,0.5873252472117325,0.9915111679514538,0.5873399797845004,0.991507743608594,0.5511148880087522,0.9708955554499493,0.5511148880087522,0.9708886575324258,0.49029589918542243,0.9873694172634576,0.4903201058262818,0.9874446720711891,0.4903201058262818,0.9874446720711891,0.40581655703675046,0.9360063418102375,0.405653438150271,0.9361824285453232,0.31119460711849695,0.8733754174347366,0.31061977708723415,0.8743896520541843,0.2115824921109863,0.7387069938999833,0.20847710310567286,0.7373771556544148,0.20847710310567286,0.7373771556544148,0.22307664712802439,0.7849472262904884,0.21686714279476293,0.7736139303402932,0.12564289594146844,0.5940800894380555,0.11441798626851572,0.5684097064788071,0.07258482817079784,0.4972309362354223,0.05505390267180477,0.43921371771672013
45,1.0,1.000009743789258,0.9705202496790559,1.0131615461330925,0.9705775497171474,1.0127137604208412,0.8907917804585189,1.0923612585949207,0.8907917804585189,1.092358896375532,0.8907917804585189,1.092358896375532,0.7750270950692498,1.1243299000141367,0.7750270950692498,1.1243331356420452,0.7375896637944525,1.2326563284656753,0.7375896637944525,1.2326563284656753,0.7375896637944525,1.2326563284656753,0.6959573424514606,1.1418559835349458,0.6959573424514606,1.141864860269679,0.6529396288328145,1.135967777292986,0.6529396288328145,1.13597019944153,0.5589865178940682,1.1756736442771618,0.5589865178940682,1.175712039556428,0.5589865178940682,1.175712039556428,0.47922097015967646,1.1294810780827014,0.47867879058508683,1.1292865799086205,0.41137142401114035,1.1689973677291436,0.41116452962445293,1.1705105207653195,0.3458395997300833,1.1556254746081944,0.3414628842940565,1.1524776414704785,0.3414628842940565,1.1524776414704785,0.29310026268252154,1.0662634229036225,0.2895907176643736,1.064922797589895,0.24601152586413136,1.0794783158707535,0.23587053338894337,1.0813776147516276,0.24843386064716655,1.3551706101538141,0.2034166583602398,1.2984412113385546
46,1.0,1.000009743789258,0.971671581939364,1.0153167356673714,0.9724357559578657,1.015406559369597,0.9020724174989435,1.0836514675330455,0.9020724174989435,1.0836547762063062,0.9020724174989435,1.0836547762063062,0.7734235942982696,1.126645715793696,0.7734235942982696,1.1266503127762717,0.6836197853887979,1.1514350712755361,0.6836197853887979,1.1514350712755361,0.6836197853887979,1.1514350712755361,0.6532404958381771,1.093243558955509,0.6532414105908628,1.0932323400268809,0.57786677945978,1.045395329358264,0.5779847552568657,1.0455444095340423,0.5291505850647598,1.1160171857958754,0.5287545480782311,1.1154928497902619,0.5287545480782311,1.1154928497902619,0.49874848435088476,1.1706665065997843,0.49769919188222106,1.1703346895532232,0.42965085492007427,1.1918626329279771,0.428291773097151,1.1950591274014002,0.36575929518174405,1.1965033959331928,0.36052700837268425,1.1995902070960347,0.36052700837268425,1.1995902070960347,0.3065138162716273,1.0904714448083768,0.30535988506148365,1.0937435452024866,0.20900212830776482,0.9449831390633372,0.20049110640933626,0.9398405201695491,0.13642674106008554,0.7810522530728874,0.10386165140536832,0.6874943174630972
47,1.0,1.0000094649943658,0.9709178451325791,1.0137651701333041,0.9711511387582967,1.013504301605604,0.8836477809157368,1.0684053346530404,0.8836477809157368,1.0684086143681726,0.8836477809157368,1.0684086143681726,0.7551390486605745,1.1159893335390585,0.7551390486605745,1.1159946220570278,0.7182895871429733,1.2196272188001973,0.7182895871429733,1.2196272188001973,0.7182895871429733,1.2196272188001973,0.6599002537231342,1.1247502674187195,0.6598997505366718,1.1246962145666821,0.6146248178430956,1.1157006162762388,0.6146248178430956,1.1156896896547905,0.5764326411922738,1.188110127496409,0.5764326411922738,1.1881220846023235,0.5764326411922738,1.1881220846023235,0.5089289783025253,1.1807445006916988,0.5087672809707524,1.1807786776514702,0.4461084122243687,1.2742496550314206,0.4459429507665692,1.2763206226704154,0.42219735724559826,1.379549009114934,0.4208312849338256,1.3876706205328482,0.4208312849338256,1.3876706205328482,0.4092447962946104,1.4055052891609463,0.4079662712003858,1.4119984586861685,0.4046137825736252,1.7092860744700265,0.39505810496514265,1.7272450922368192,0.34591216640519257,1.9401312928833978,0.3322111084032963,2.0885297785370076
48,1.0,1.0000094649943658,0.961501369761815,1.008039149949463,0.961501369761815,1.0076039298654695,0.8299094775469521,1.0251238162428522,0.8299094775469521,1.0251262018066192,0.8299094775469521,1.0251262018066192,0.6768982156746994,1.0166705058488776,0.6768982156746994,1.0166736634669666,0.565780355650986,1.015245740590304,0.565780355650986,1.015245740590304,0.565780355650986,1.015245740590304,0.518087385184485,0.9174440790016936,0.518087385184485,0.9174370820956199,0.4979771650485606,0.9299112586419547,0.4979771650485606,0.9299137092297309,0.43080098528493255,0.9250648951357292,0.43080098528493255,0.9251036717885955,0.43080098528493255,0.9251036717885955,0.34924964813288056,0.8500307417782272,0.34874916180236953,0.849630219994791,0.35925387628307864,0.968274325834994,0.3579107717369181,0.9689318819496886,0.32588865021259994,1.000448216915159,0.3179784040381387,0.99259698991428,0.3179784040381387,0.99259698991428,0.2763849507481268,0.9478716534548656,0.271983629164435,0.9417277449922105,0.27883319368018455,1.1300331289771783,0.2659250832087675,1.1259487236543468,0.2848917858572575,1.6881135267477294,0.2636264464541869,1.8301483943195263
49,1.0,1.0000100395066203,0.970442031001659,1.015353242604395,0.970442031001659,1.0149350307175775,0.8929780421366553,1.0864836363955432,0.8929780421366553,1.086488761608319,0.8929780421366553,1.086488761608319,0.7804334058625645,1.1060605829556964,0.7804334058625645,1.106062776334198,0.6520264066405095,1.1184291900674364,0.6520264066405095,1.1184291900674364,0.6520264066405095,1.1184291900674364,0.6884084610762138,1.1070617257617195,0.6884084610762138,1.1070051517720263,0.646782422349489,1.0970093765354796,0.646782422349489,1.097003137619378,0.5757894868467944,1.136651388769766,0.5757894868467944,1.13668845564741,0.5757894868467944,1.13668845564741,0.5307927814759126,1.1716999667872041,0.5309663504980603,1.1722879166044982,0.4627202628786782,1.238556946814574,0.46263212704087314,1.2403627192972746,0.36924658340489086,1.2087935773015328,0.3688244001502762,1.2141368176598746,0.3688244001502762,1.2141368176598746,0.37795532667847,1.2564775174716627,0.37669979221630023,1.2587564706325884,0.2875934439123115,1.263652433151124,0.28240432530291903,1.276117525506998,0.24451049225727226,1.5115450957277476,0.22775481332337794,1.5424773741972235
50,1.0,1.000009743789258,0.9637844174253385,1.0189050703258238,0.9651998635252407,1.018737956097198,0.8232041209122862,1.0696719981863192,0.8232041209122862,1.069672553482945,0.8232041209122862,1.069672553482945,0.7035814223070029,1.0794173290252118,0.7035814223070029,1.079420429137305,0.6570605795340488,1.2336107671913883,0.6570605795340488,1.2336107671913883,0.6570605795340488,1.2336107671913883,0.6600626939243086,1.2078938309659815,0.6600626939243086,1.207908499203202,0.607242290458017,1.1641084696942332,0.607242290458017,1.16409751965691,0.5389038400374921,1.2826697026423781,0.5389038400374921,1.2826845598462584,0.5389038400374921,1.2826845598462584,0.5421446452249198,1.4228706701208345,0.5420837380379975,1.4230642048860984,0.4175089902408064,1.5450218722678954,0.41773626613414355,1.5449542451276,0.3946688365245845,1.8539559928792135,0.3948810348023502,1.8558380841731257,0.3948810348023502,1.8558380841731257,0.3432409649124811,2.005672816371947,0.34231532048224134,2.0038450767879676,0.2860554987635969,2.7801232438844257,0.284345129351135,2.830412505850213,0.21396500393105505,2.9421664700617445,0.19945590133792407,2.9069812231182843
51,1.0,1.0000098894377727,0.9641822809702799,1.0096662332508517,0.9641822809702799,1.009246093861106,0.862902476684293,1.057485270128071,0.862902476684293,1.0574890149455347,0.862902476684293,1.0574890149455347,0.7015039521860079,1.0412880331144285,0.7015039521860079,1.0412914361605108,0.5840047186690208,1.032006013748269,0.5840047186690208,1.032006013748269,0.5840047186690208,1.032006013748269,0.6035396381705539,1.0291964438537176,0.6035384739664501,1.029186023038433,0.6057996446419746,1.0620681814267352,0.6057996446419746,1.0620763247679341,0.5493244951095446,1.0595950269371834,0.5493121471212175,1.0595980466043442,0.5493121471212175,1.0595980466043442,0.4886126614908637,1.074027764687235,0.4880035031242355,1.073769740018246,0.4764958912038426,1.205798749456745,0.47320112514097756,1.2041227865660298,0.4091224589554706,1.2028519657225043,0.40148401409058443,1.1990011030228445,0.40148401409058443,1.1990011030228445,0.3378570904464853,1.0788768745830482,0.33422541284235,1.0778269223119847,0.26538654581677806,1.0266115611122406,0.2507611629449529,1.0095537862048836,0.27472441324513386,1.3561739074223473,0.25415822637707375,1.4059108641821818
52,1.0,1.000009743789258,0.9636042182794742,1.0138149541244734,0.9636042182794742,1.0133580257113297,0.8150129604473747,1.0333893444149393,0.8150129604473747,1.0333938832690424,0.8150129604473747,1.0333938832690424,0.7101965616732387,1.071214571343362,0.7101965616732387,1.0712175118213627,0.6169462331247181,1.1380138818009873,0.6169462331247181,1.1380138818009873,0.6169462331247181,1.1380138818009873,0.632616150563647,1.121985023453455,0.632616150563647,1.1219434483974686,0.6380622731842497,1.154914205747742,0.6380622731842497,1.1549148416151669,0.5844618377457895,1.2412784951291596,0.5844617451829448,1.2413158670143365,0.5844617451829448,1.2413158670143365,0.5871333768187503,1.3940114387942106,0.5869358116085968,1.394479976348609,0.6045633515723218,1.5553931683800846,0.6031122953374048,1.5590816077787268,0.5519611398365607,1.7460897322964406,0.5467284910296097,1.7591527392422142,0.5467284910296097,1.7591527392422142,0.5667253411840021,1.893328166355989,0.5611682637954906,1.9066991312031318,0.5143755620286731,2.3075282785123097,0.4970190122118677,2.3834261944062543,0.4314912136069192,2.8208327444315264,0.39813830492797037,3.114581002102396
53,1.0,1.000009743789258,0.9685732112673361,1.0150344969554683,0.9685732112673361,1.0145345790933002,0.8430494905066691,1.0504471140276743,0.8430494905066691,1.0504480696665282,0.8430494905066691,1.0504480696665282,0.7762993195406479,1.1478324613063582,0.7762993195406479,1.1478369189179762,0.708737839452212,1.2048859532817797,0.708737839452212,1.2048859532817797,0.708737839452212,1.2048859532817797,0.7007568245570428,1.1592652101842609,0.7007416622993543,1.1592072788139713,0.6345689245280348,1.1184733397012911,0.6345689245280348,1.1184753599727664,0.5982369326994178,1.223753312121405,0.5982319059880647,1.2237879155086586,0.5982319059880647,1.2237879155086586,0.5109997359427638,1.1962613186873579,0.5106198616826596,1.1965332413962737,0.48575266598358796,1.2622153652887633,0.4843548394271268,1.2633107167438367,0.47021196388948483,1.3669642367583659,0.4639677872156356,1.3683457013926277,0.4639677872156356,1.3683457013926277,0.409204219122132,1.3526100405894115,0.4055377089221925,1.355466085193241,0.35593460656320103,1.4466871968388126,0.3479887837934481,1.4770114617137922,0.2879509211820703,1.4843380185743924,0.2546968046819424,1.5405317230189155
54,1.0,1.0000094649943658,0.9679800542656277,1.0236090201592143,0.9683259989253662,1.0232970241857486,0.7993962654271803,1.0565611407761988,0.7993962654271803,1.0565677658569292,0.7993962654271803,1.0565677658569292,0.7055928001878924,1.110380654290164,0.7055928001878924,1.1103821857471086,0.6002302778511719,1.1769942114134384,0.6002302778511719,1.1769942114134384,0.6002302778511719,1.1769942114134384,0.562834908601274,1.0484990877324483,0.562834908601274,1.048453896577933,0.5311155254886298,1.0248509727868156,0.5311155254886298,1.0248455479313654,0.46436192606144694,1.0531130795207229,0.46436192606144694,1.0531410140841397,0.46436192606144694,1.0531410140841397,0.43291150223698,1.0723026500308608,0.43244141415584986,1.0721589711236272,0.3268879437211398,1.0260629909186538,0.32618134080529154,1.0267690763789052,0.279456425322045,1.1590830159001067,0.2789562658438514,1.1674140502345298,0.2789562658438514,1.1674140502345298,0.320240626993537,1.2940297321030858,0.3187822381241339,1.2986575542355905,0.24368154311832588,1.2838561711422942,0.24060268275683264,1.312611648641226,0.22584267353330312,1.8066803932922133,0.21043809584742187,1.940772558596475
55,1.0,1.0000096023686076,0.9188277039840584,0.9920269454592846,0.9191591126156975,0.991885247445092,0.6671916906083873,0.9704200631833503,0.6671916906083873,0.9704319247922859,0.6671916906083873,0.9704319247922859,0.5611794790326019,1.0120652977918818,0.5611794790326019,1.0120678374628278,0.4240492291875676,0.9779171995152568,0.4240492291875676,0.9779171995152568,0.4240492291875676,0.9779171995152568,0.48950356196219025,0.9549038439877846,0.48950356196219025,0.9548211782125066,0.45293866891646206,0.9232513893106278,0.45293866891646206,0.9232452285119634,0.4050566518978599,0.9513042672262468,0.40506206104356296,0.9513514855296954,0.40506206104356296,0.9513514855296954,0.36971396503839443,0.9672889638420111,0.36962962570326297,0.9673775595254913,0.3146620938481275,1.0171210113734104,0.3144582235261021,1.0181922182722976,0.25117474181380256,0.9953663832371277,0.25070372054892665,1.0041847527071979,0.25070372054892665,1.0041847527071979,0.2529022402532821,1.0227843066456055,0.2504026602389808,1.020738099429421,0.20237909137778265,1.023301866407697,0.1963976535219227,1.0303279564043222,0.1335432851184449,0.9072852273094427,0.11791701788897992,0.9390536159792787
56,1.0,1.0000096023686076,0.938008436991683,0.9864881496281018,0.9383200045361471,0.9862992175747957,0.8250602492806128,1.0147744022200254,0.8250602492806128,1.0147781507977862,0.8250602492806128,1.0147781507977862,0.657289923600566,0.9605764025518754,0.657289923600566,0.960579214715886,0.4805040654637751,0.8659288482995373,0.4805040654637751,0.8659288482995373,0.4805040654637751,0.8659288482995373,0.5004540252074728,0.8829368800966226,0.5004951012985324,0.882977535882519,0.4729075981004665,0.8941069477904964,0.4729075981004665,0.8941047665194127,0.3321548230114581,0.779658397187018,0.3322447183113785,0.7798614528551967,0.3322447183113785,0.7798614528551967,0.3210019275882791,0.8390538461343092,0.32094349337058425,0.8392437903768482,0.1842314690617781,0.6333185302766913,0.1850982947586122,0.6368553739389986,0.20754311883442733,0.8393752997701961,0.21230859743438546,0.8623046269973867,0.21230859743438546,0.8623046269973867,0.19276096388460243,0.8910260253615622,0.1937302896873119,0.8966237910419472,0.09052826392922596,0.5325961397561162,0.09138654947881966,0.55162909663456,0.018649804053815094,0.16228924881015155,0.01843321511089875,0.1813806836934493
57,1.0,1.0000101942001327,0.944516152850474,1.0040124588859942,0.944516152850474,1.0036350972342944,0.7587303011797205,1.0176928652873045,0.7587303011797205,1.0177005558812673,0.7587303011797205,1.0177005558812673,0.654307363150158,1.0340936094295574,0.654307363150158,1.0340950283238346,0.5966374657176814,1.0914332437881664,0.5966374657176814,1.0914332437881664,0.5966374657176814,1.0914332437881664,0.6156452719631514,1.054936051091135,0.6156452719631514,1.0548788433995473,0.6572814874242124,1.1277983814034545,0.6572814874242124,1.1278106690370253,0.6256588391871343,1.1796226780357792,0.6256326668588325,1.1796340564673462,0.6256326668588325,1.1796340564673462,0.5330927503579597,1.1589747359241425,0.5328683064508187,1.1593390585801364,0.4536080465321911,1.161223722797815,0.45075211757815964,1.1605183559657588,0.3472532396924341,1.0989900156650225,0.3392094769413698,1.0920245450528892,0.3392094769413698,1.0920245450528892,0.29522143842343224,1.0166732458715162,0.29149549409399894,1.0138887604588156,0.25383057526955993,1.125180638994641,0.2422934141015805,1.12797008459641,0.16646256191021214,1.05042914008644,0.15202471971795495,1.129409626901906
58,1.0,1.0000101942001327,0.9620913113412637,1.0089796553121484,0.9620913113412637,1.0085726252473841,0.8513472875810335,1.043860336813359,0.8513472875810335,1.0438632881995349,0.8513472875810335,1.0438632881995349,0.7352286268201716,1.0762589077794502,0.7352286268201716,1.0762645959075443,0.6534240413451768,1.1078662938544022,0.6534240413451768,1.1078662938544022,0.6534240413451768,1.1078662938544022,0.6577904220425009,1.080441359521697,0.6577904220425009,1.0804252328132802,0.6407756036085981,1.0975113936906968,0.6407756036085981,1.0975134804197737,0.5848033784301876,1.1409420038496374,0.5848033784301876,1.1409762615540855,0.5848033784301876,1.1409762615540855,0.5003801020763256,1.1480895811840424,0.5001049211831881,1.1483835577969566,0.4563176293580436,1.205064492090952,0.45369021845143837,1.2045350304752018,0.42564115812092035,1.3629913234426543,0.42013503703085875,1.367309279112688,0.42013503703085875,1.367309279112688,0.425575014743753,1.4237829584890114,0.4230104913651875,1.4288153550869778,0.40142454593428056,1.7291285668621041,0.3912863701661118,1.7627814179810093,0.37472783843906926,2.166936261195473,0.3537573813144399,2.3316100124052364
59,1.0,1.0000094649943658,0.9475841320963769,1.002809481811929,0.9489086100014092,1.002897265032804,0.7043949172492825,0.9690691693267584,0.7043949172492825,0.9690747267134975,0.7043949172492825,0.9690747267134975,0.5433251768039632,0.9395691864291127,0.5433251768039632,0.9395712599392824,0.4012557710977068,0.9466477203459888,0.4012557710977068,0.9466477203459888,0.4012557710977068,0.9466477203459888,0.4665980746467785,0.9503706721846913,0.4667666784335184,0.950637467188765,0.36124782128376653,0.8359198174886072,0.3611909625599647,0.8359018712014447,0.26087305668460625,0.8324214031441514,0.26128754551216127,0.8341714555947315,0.26128754551216127,0.8341714555947315,0.21828597718903772,0.7535847683558705,0.2178644248018171,0.7540267143558754,0.10756138128829942,0.4737321560953213,0.10528625995822312,0.46850608509389874,0.0709665146540683,0.38804453582093346,0.06870052398207437,0.38810051672917434,0.06870052398207437,0.38810051672917434,0.0922984099685152,0.5077030853163721,0.0904512262033022,0.5013010949147514,0.042299751326206794,0.30286910823677954,0.03929330751456112,0.2979564652183987,-0.0021610685507376,-0.02126559805955944,-0.0022812354056811783,-0.027509113869511166
60,1.0,1.000009099550753,0.9402339689558071,1.0003963924263564,0.9407232009711143,1.0001449310457788,0.7385660685983934,0.967716143674101,0.7385660685983934,0.9677229019678217,0.7385660685983934,0.9677229019678217,0.58412890501403,0.959672834572267,0.58412890501403,0.9596747003345742,0.3907154449090969,0.8445371001127058,0.3907154449090969,0.8445371001127058,0.3907154449090969,0.8445371001127058,0.4299387276269295,0.8529632409719115,0.4299387276269295,0.8529199769204512,0.36913260636108797,0.7924698888559405,0.36914207918809444,0.7924722259144352,0.32107021667189833,0.8257347059952536,0.32112248303670804,0.8260187734628632,0.32112248303670804,0.8260187734628632,0.29292682176451007,0.875365556423579,0.2914479431991594,0.873038874721416,0.2990941750745395,0.9723342006440169,0.29246700446973173,0.9624448136780912,0.2878322479668542,1.084038852851874,0.2748352425819551,1.0698993635704228,0.2748352425819551,1.0698993635704228,0.28876410073961756,1.1342900514680556,0.2846655810209961,1.130887973376554,0.2852024402173035,1.3219798490156132,0.2699895522208078,1.3322438919522313,0.3324047518033422,1.9408243819115978,0.28677141826250857,2.0002492293920175
61,1.0,1.0000096023686076,0.9084941011158285,0.9745334010021066,0.9110130889225375,0.9755627926753992,0.6113722166433271,0.8566240734624071,0.6112812657938287,0.856565682763428,0.6112812657938287,0.856565682763428,0.44650835740480554,0.7732390321286312,0.446096063506749,0.7726725000711819,0.3899635030884277,0.822118268464313,0.3899635030884277,0.822118268464313,0.3899635030884277,0.822118268464313,0.4392008302127688,0.8803349304805596,0.4392288788196365,0.8803325254325807,0.4923234796291664,0.9995803864282171,0.4923234796291664,0.9995855809623873,0.4412605486126969,1.0301284786396434,0.44125340934888213,1.0301290588141934,0.44125340934888213,1.0301290588141934,0.4364893414309713,1.1436286758266958,0.43609627278826685,1.1439452300349717,0.4136700879494159,1.228202230599602,0.41285514126000633,1.2326210148593668,0.39821778586536866,1.3354162280432909,0.39554547629411535,1.3466333993026303,0.39554547629411535,1.3466333993026303,0.330037467228601,1.3121881307316356,0.3299289382629357,1.3213411569589106,0.26764349884353633,1.2870420458900125,0.26077991095121345,1.3041625602681528,0.20425131857593148,1.286637700774432,0.19577026671148778,1.3987203080207122
62,1.0,1.000009099550753,0.9686835209884547,1.024641575236069,0.9711847357862592,1.0258597823076223,0.8436669355748257,1.090460716838165,0.8436669355748257,1.0904564171528455,0.8436669355748257,1.0904564171528455,0.7485073655384897,1.187535892117307,0.7485073655384897,1.1875404618244356,0.7356657994067155,1.2858555119877464,0.7356657994067155,1.2858555119877464,0.7356657994067155,1.2858555119877464,0.7022970969088966,1.2044623790683362,0.7022358710114621,1.2042327193423428,0.6835206228406175,1.1846875223065605,0.6835206228406175,1.1846880868272511,0.6302382602196948,1.2084255806065398,0.6302383484643553,1.2084487745613786,0.6302383484643553,1.2084487745613786,0.592644375358184,1.273314380587598,0.5921057661155339,1.2732654878998944,0.5297918313582458,1.3356039148303893,0.5269979805690466,1.3333134217912281,0.5305108278917758,1.5092432360266645,0.5254288259974819,1.5138789011674816,0.5254288259974819,1.5138789011674816,0.4823714416952416,1.5421463784987581,0.4799036612306234,1.5471390281318893,0.4491348160352163,1.7303424824085305,0.438247462184186,1.7601620669526616,0.3997493418358218,2.0002695801471804,0.36250901806581254,2.1015458613318323
63,1.0,1.0000094649943658,0.9664012580360712,1.011044653274844,0.9667871549010495,1.01088511083867,0.8481590537499244,1.0480704388342328,0.8481590537499244,1.0480725821061452,0.8481590537499244,1.0480725821061452,0.7243906693430504,1.083108698246642,0.7243906693430504,1.0831125306506044,0.6450449356886501,1.1348925069540123,0.6450449356886501,1.1348925069540123,0.6450449356886501,1.1348925069540123,0.5983109783855468,1.0585833777843243,0.5983917802636585,1.0585916597172795,0.5526321859241974,1.0531033282863642,0.5526669026439144,1.0531142627641021,0.5015507610653492,1.1208341055186677,0.5016684347720386,1.1211081908185638,0.5016684347720386,1.1211081908185638,0.4272926813774478,1.0985918946716908,0.4265693360766264,1.098460105887223,0.3627483947175989,1.1540073163420344,0.36078772137712656,1.1535099608901298,0.3611860732049215,1.30820996697187,0.354425646604101,1.3081230541011792,0.354425646604101,1.3081230541011792,0.3505143384735615,1.4279498527372434,0.3493096348916525,1.4325404964409079,0.3588444120844194,1.7833463315841998,0.3526296339731287,1.823032855396387,0.35706204366639516,2.1555282992250904,0.3323070095760022,2.3013677776182604
64,1.0,1.0000098894377727,0.916834465028051,0.9899136572721466,0.9196315478060153,0.9908940402459347,0.6867329612851334,0.9697314504772131,0.6867325117395022,0.9697413921761528,0.6867325117395022,0.9697413921761528,0.6444763268504533,1.0749727248391325,0.6444763268504533,1.0749764019859143,0.4907935092051689,0.9986635948687291,0.4907935092051689,0.9986635948687291,0.4907935092051689,0.9986635948687291,0.5370748475122157,0.9681978062623127,0.5370748475122157,0.9681370470557158,0.5264304232063247,0.9663836324850221,0.5264304232063247,0.9663888150528773,0.4008267282880746,0.8704916040316129,0.4008481263133589,0.8705333870738942,0.4008481263133589,0.8705333870738942,0.3347271153276947,0.8331336626319926,0.3345550242799703,0.8330515852426787,0.24270093290258682,0.7605802754674993,0.24151367084838232,0.7602400617941271,0.16770669614262776,0.654742678466257,0.1656278112330302,0.6565726924611539,0.1656278112330302,0.6565726924611539,0.16915240156590394,0.7114325510155062,0.1664298908396261,0.707905995320546,0.08665528684219063,0.4555310797385849,0.0787842140481497,0.437487668056794,0.08905191891274329,0.6130330057732142,0.06571008466329993,0.5520455903034458
65,1.0,1.0000098894377727,0.9464388320216003,1.0006695565268413,0.9464388320216003,1.0003123173788369,0.7651437495048747,0.9890466307682496,0.7651437495048747,0.9890524579504308,0.7651437495048747,0.9890524579504308,0.6343475639813458,0.9918880540611426,0.6343475639813458,0.9918872635526401,0.5444334439933487,0.997773496773464,0.5444334439933487,0.997773496773464,0.5444334439933487,0.997773496773464,0.6099649212664229,1.0217911905611772,0.6099649212664229,1.0217391139312402,0.6158818588942637,1.0650397893782888,0.6158818588942637,1.0650410075275634,0.5642387058783105,1.1338277754363113,0.5642387058783105,1.1338537999992175,0.5642387058783105,1.1338537999992175,0.44092517579403373,1.0552799643379516,0.44094200027283675,1.0555484809249343,0.28164938844004417,0.9244898327812321,0.2816454288421659,0.9249258524450051,0.18224929537859233,0.7983352270073736,0.18250356848393726,0.8046753632148378,0.18250356848393726,0.8046753632148378,0.18957279581287967,0.8347862806010916,0.1880711432716456,0.8361239218836806,0.06069687549351952,0.3567686373160726,0.056175569870848846,0.34327806812948974,0.004076759822582286,0.03065452848960204,0.00988338505579899,0.08470025285761813
66,1.0,1.000009099550753,0.9270995586905053,0.9852520522101633,0.9286801104735645,0.9856095331327259,0.659929048320524,0.8813277144516146,0.659929048320524,0.8813307421041515,0.659929048320524,0.8813307421041515,0.48249872703951113,0.7957030888145533,0.48249872703951113,0.7957019915819175,0.4608913286665562,0.8501547919171268,0.4608913286665562,0.8501547919171268,0.4608913286665562,0.8501547919171268,0.5330172579737009,0.9252543492914547,0.5332072909412688,0.9255062821399612,0.5538276118803792,0.9911119214040853,0.5538276118803792,0.9911186150145362,0.5231785011943277,1.0389734302885576,0.5232442476787418,1.0391151246890056,0.5232442476787418,1.0391151246890056,0.45798079002364417,1.0745135948668776,0.45770374042754886,1.0747386987856555,0.40044818419254274,1.1129796843160564,0.398722408463581,1.1117164908734314,0.34257705770777186,1.0967041918485634,0.3416827390049098,1.1047247835742537,0.3416827390049098,1.1047247835742537,0.3134735558142961,1.070843528980572,0.31032181719592694,1.0694973061956103,0.2584287932757017,1.0964079235153652,0.2497478726638044,1.097823514774367,0.14660558711963304,0.8299385512308916,0.11874207804101744,0.7712530908770463
67,1.0,1.000009743789258,0.9501317986973412,0.9991082287062655,0.9505841700858748,0.9990563315751532,0.7940517299792019,0.995691777386423,0.7940517299792019,0.9956927215309073,0.7940517299792019,0.9956927215309073,0.6279976030381214,0.9908371166682989,0.6279976030381214,0.9908391514008056,0.48543907274666737,0.9449263683745179,0.48543907274666737,0.9449263683745179,0.48543907274666737,0.9449263683745179,0.49950087377709274,0.939203297897332,0.4994915863810899,0.9391779740575963,0.4384000316365321,0.8673302258502777,0.4384000316365321,0.8673353402124029,0.36798826071970053,0.850921662367873,0.36798826071970053,0.8509483118627146,0.36798826071970053,0.8509483118627146,0.2756933816933221,0.8103230777863946,0.27454836735560467,0.8084864505715519,0.32702246802055157,1.0629133628776137,0.32125111428666103,1.0549429430347912,0.31141167348038057,1.2462578172783965,0.29111663937364574,1.2119660712053124,0.29111663937364574,1.2119660712053124,0.34560152005797845,1.3676771137126194,0.3369409417725953,1.3573146039950965,0.27676403106113534,1.4549021320205702,0.2502971103251797,1.4099083339692746,0.1953482809626876,1.850911641870626,0.1654506646727259,1.9916430497058522
68,1.0,1.0000096023686076,0.969207170516369,1.0230472371851203,0.969207170516369,1.022686752505091,0.8387219100743636,1.0732365461877038,0.8387219100743636,1.073245261897317,0.8387219100743636,1.073245261897317,0.7486265228544333,1.2122069415705796,0.7486265228544333,1.2122066136044363,0.6350669826916898,1.2293104645112978,0.6350669826916898,1.2293104645112978,0.6350669826916898,1.2293104645112978,0.645815612232059,1.1251113913190718,0.645815612232059,1.125022179994333,0.6010785189112159,1.0962408614881107,0.6010785189112159,1.0962298971611997,0.4925439051994848,1.0544522758689943,0.4925439051994848,1.0544304051461635,0.4925439051994848,1.0544304051461635,0.4203637657826446,1.1197802156298582,0.4203746983079256,1.119917185211917,0.3242822005110104,1.0866652758140676,0.32427603053273274,1.0878708066558682,0.2489162313904116,1.078896423160194,0.24861392920438571,1.0801276249578027,0.24861392920438571,1.0801276249578027,0.23126803871447696,1.043946218209819,0.22900114882615663,1.0429758025296387,0.21142825765294535,1.2399149419444455,0.2053149644879534,1.2548863157716754,0.18234617231499992,1.5415213505030871,0.17769138720146022,1.7353906124140388
69,1.0,1.0000094649943658,0.9668324221205105,1.009105580790676,0.9669150279605299,1.008745340020925,0.8667397299132324,1.0474751148295618,0.8667397299132324,1.0474799147140248,0.8667397299132324,1.0474799147140248,0.6936176697135008,1.012056198907166,0.6936176697135008,1.0120594819366295,0.615071628123858,1.0393911812831418,0.615071628123858,1.0393911812831418,0.615071628123858,1.0393911812831418,0.616235614453452,1.0190756795190323,0.616235614453452,1.0190685649398994,0.6174767402258413,1.067109420921628,0.6174767402258413,1.0671075367262928,0.5451899164275024,1.0992446465027348,0.5451881956175106,1.0992564207596682,0.5451881956175106,1.0992564207596682,0.5178504247811242,1.1310884627471793,0.5178664375846351,1.131621088234309,0.4029200710308631,1.1025636810458048,0.4024324626495654,1.1043867013262347,0.3583019021758509,1.1714565807923352,0.35661232646501667,1.1767571733599964,0.35661232646501667,1.1767571733599964,0.3591421474636985,1.2456693380008188,0.35870790068547526,1.2504137217617604,0.34797158156035507,1.5743830671714436,0.3457481953956853,1.60117725816144,0.288920535332876,1.7563508602852818,0.2847357569929217,1.9123649950756472
70,1.0,1.0000094514728177,0.9185566187280382,0.9815664370288631,0.9185566187280382,0.9812178082060952,0.6089657020122107,0.862396961341349,0.6089657020122107,0.862400366918471,0.6089657020122107,0.862400366918471,0.4725203239193923,0.8114142598458205,0.4725203239193923,0.8114158354076542,0.3612736818518908,0.7676108202784669,0.3612736818518908,0.7676108202784669,0.3612736818518908,0.7676108202784669,0.5202079911367459,0.9486715920635795,0.5202079911367459,0.9486285016846193,0.5047874410333796,0.9685228592769373,0.5047874410333796,0.9685236854957584,0.43272286108960684,0.9531248891912959,0.43272286108960684,0.9531439047524338,0.43272286108960684,0.9531439047524338,0.4278030775935948,1.0106072479207227,0.42722945381635363,1.0101921516673333,0.3637979633053478,0.9899180085891178,0.3620459198098533,0.9890440664969745,0.2635587122136966,0.8392137868261741,0.25988015367995826,0.8376850912966054,0.25988015367995826,0.8376850912966054,0.28832228032159113,0.9313007414958893,0.2850377757857936,0.9293941261982149,0.20725543605718652,0.831397689439694,0.1984970677534848,0.8260308637967573,0.15181545595339135,0.7772961115930054,0.11950458632665248,0.6982490298467199
