,Layer1inVals,Layer1inOutRatios,Layer2inVals,Layer2inOutRatios,Layer3inVals,Layer3inOutRatios,Layer4inVals,Layer4inOutRatios,Layer5inVals,Layer5inOutRatios,Layer6inVals,Layer6inOutRatios,Layer7inVals,Layer7inOutRatios,Layer8inVals,Layer8inOutRatios,Layer9inVals,Layer9inOutRatios,Layer10inVals,Layer10inOutRatios
0,1.0,1.000009397770763,0.940691964881179,1.0488384573603613,0.8842775078596677,1.113288126373795,0.8843150402370842,1.1134108463577124,0.8843150402370842,1.1134108463577124,0.744000420967118,1.1781772007249387,0.6651697408192735,1.115576620854481,0.42651016733189734,1.6169472934699631,0.4638331114033963,1.0940403873327316,0.897635728876837,1.0149949548204986
1,1.0,1.000009397770763,0.9512540863421612,1.2108865050282498,0.9093221373170511,1.0381597094683033,0.9093204004348483,1.03817333463683,0.9093204004348483,1.03817333463683,0.7741536351025372,1.04856441512625,0.66627120272914,1.0709653128143144,0.4235813626043202,1.6546008126600236,0.48162758648060555,1.1195682866265848,0.899850959515822,1.0160968288011016
2,1.0,1.000009397770763,0.8785974885151109,1.0000205625844303,0.8697830376701793,1.0266116982279363,0.8697770654525101,1.0266084197998766,0.8697770654525101,1.0266084197998766,0.7342824282659105,1.0635878511832606,0.6364287922228161,1.0834854559061893,0.388924423002394,1.5830676933564327,0.4654729053370115,1.1037051168830752,0.9011497001349114,1.0187193346294856
3,1.0,1.0000095331866181,0.8254757310831033,0.9600983369375354,0.916265730109421,1.0434480845379757,0.9162896601381416,1.0434743030300375,0.9162896601381416,1.0434743030300375,0.7900398285532022,1.0850982723224951,0.6923992180471936,1.0764117885506121,0.39835029921559617,1.4869343890053446,0.4522605478899859,1.068805296067955,0.9014644735535431,1.0171332247365306
4,1.0,1.000009397770763,0.9761023825883995,1.0811374782784604,0.9075790060719378,1.0473387868200437,0.907560270536837,1.0473647801951764,0.907560270536837,1.0473647801951764,0.8165976498073035,1.0993763566318002,0.7162987562677696,1.0841577084580005,0.3613085981851404,1.32684735120245,0.44701210546208225,1.044596534472984,0.8995278763538648,1.0117258597943337
5,1.0,1.0000094649943658,0.9661853363564724,1.0801391825866185,0.9340041911121691,1.055939056751845,0.9339761947849112,1.0559513275322097,0.9339761947849112,1.0559513275322097,0.8500939838758746,1.117143472780437,0.7651449407878783,1.136918790101618,0.3705067171613477,1.4016981856174133,0.46511871107764896,1.0796617588779818,0.8939018893468427,1.0127186662817618
6,1.0,1.0000085777357148,0.930187640841145,1.0425688781212301,0.9283979053241718,1.0524818240587483,0.9283946234222784,1.0525199078857719,0.9283946234222784,1.0525199078857719,0.8417512245143766,1.0926292400036117,0.7421016316216459,1.1008429803931,0.38061327541230233,1.412659946556577,0.45583992472653706,1.0708119887310341,0.8970174588159135,1.012609397603381
7,1.0,1.000009397770763,0.9542886525918532,1.0550757084431075,0.908567094899464,1.0439565937488828,0.9084945267410045,1.0439198252864257,0.9084945267410045,1.0439198252864257,0.7948006500776146,1.0878733885936585,0.7020599426010417,1.0706732440955669,0.3457302055388469,1.3675678272543934,0.4365742623369169,1.0580731048133196,0.8999299887484952,1.0169578005112034
8,1.0,1.000009397770763,0.9238461109513765,1.0550029471632998,0.9270523251683205,1.095878378146027,0.9271013391599323,1.0958769712920697,0.9271013391599323,1.0958769712920697,0.834463857023132,1.1263451572006669,0.69644820864452,1.1002408217058632,0.4065360906031078,1.7305148294082844,0.446056032850767,1.0665289661391115,0.9011925499873035,1.0158462277205003
9,1.0,1.0000081872830517,0.8550210190769114,0.9995448055253918,0.7810089527483693,0.9828345607138275,0.7809240718266107,0.9828821854157825,0.7809240718266107,0.9828821854157825,0.7263334130532868,1.104170155418375,0.5822337109169666,1.0455783477641902,0.37390577265442,1.5330164296917763,0.44757420331017067,1.0769661159353139,0.8964005480917153,1.0161619570660876
10,0.9994715756181195,0.9997396363836301,0.91820349646628,1.045204460977519,0.8998932454113511,1.0555152210992218,0.8998852578009945,1.055540928814961,0.8998852578009945,1.055540928814961,0.8212819840395212,1.1741785520037593,0.7445901826372507,1.1743297858750172,0.39693514170120936,1.5937765717481165,0.43370138900774025,1.034982324886092,0.8997872983017785,1.015077946140416
11,1.0,1.000009743789258,0.9297301268808875,1.0424706556058263,0.8917981152951203,1.0613499718070274,0.891801613202416,1.0613618341765891,0.891801613202416,1.0613618341765891,0.7642496965216619,1.109970918848789,0.6463696817339712,1.0467650475482815,0.33360146381511785,1.1993311634148915,0.41382870782649006,0.9949888913515396,0.8866540773434947,1.0038034842132855
12,1.0,1.0000094649943658,0.9272759287095983,1.050471167240783,0.8657606558844483,1.0288891240480846,0.8657531321461969,1.0288891410254488,0.8657531321461969,1.0288891410254488,0.7045251900397668,1.0165590047390276,0.6119662133070684,1.020861227839677,0.39316331658766207,1.5544980751212647,0.45423925272832977,1.0891748936894678,0.9013742722441295,1.0180562885357562
13,1.0,1.0000094649943658,0.9256784047739746,1.0621394678977216,0.8684476796180208,1.0271228206357843,0.8684417442026596,1.027149339693204,0.8684417442026596,1.027149339693204,0.7302308868471201,1.0656952845056384,0.6618241692238012,1.0764890698436036,0.34751765285970365,1.3724833702511432,0.4544090280362134,1.069944022332078,0.8999018660908888,1.0156260356860582
14,1.0,1.000009397770763,0.8465407475689627,1.2075486185217525,0.9360170831722234,1.097725314793596,0.936019205872439,1.0977846619017442,0.936019205872439,1.0977846619017442,0.8725609478078145,1.217386801025598,0.7246561078909618,1.1658126897734367,0.411531844576583,1.62174745072628,0.4460061994184154,1.070524299167673,0.9047541617841175,1.017233276184606
15,1.0,1.0000081872830517,0.7355975354055921,0.981181849300622,0.8767091443465957,1.075931556625235,0.8767014127935182,1.075867244546726,0.8767014127935182,1.075867244546726,0.7820111512056908,1.1390432628201508,0.7222634776035071,1.1613298463450583,0.36286856912792553,1.4174018740591594,0.4582397655179792,1.0826724970159,0.8981462183430358,1.0136869569856095
16,1.0,1.000009397770763,0.895217471251426,1.0191196483785714,0.9049562108116256,1.0566263441177703,0.9050403805008143,1.0567295492110513,0.9050403805008143,1.0567295492110513,0.7562785607643349,1.0810184914366914,0.7109902070327841,1.0843081866065931,0.39398877198407656,1.420603271155282,0.46137431323428346,1.0748402652439686,0.8942831331962999,1.011443835160224
17,1.0,1.0000085777357148,0.8591057372501115,1.0186344321167815,0.9063812091529251,1.0676533091143658,0.9063012891458999,1.0676497803462326,0.9063012891458999,1.0676497803462326,0.785061674739817,1.1111048427424797,0.7162071077368367,1.1278856936604191,0.3969791005182624,1.5124249501293683,0.4687628811586982,1.1072245851028566,0.9037595135122078,1.0193702044661725
18,1.0,1.000009397770763,0.9557258820419655,1.057205392651866,0.8811596894664158,1.0246527433705592,0.8811519946214987,1.0246354478851158,0.8811519946214987,1.0246354478851158,0.7522479072865241,1.0754919657310693,0.6244909808024349,1.0498303733990233,0.4532405736654225,1.6976916793472894,0.45357330087376324,1.0829303946518216,0.8995050980404795,1.0154620412793658
19,1.0,1.0000095331866181,0.9455899127910303,1.059793449178944,0.8832673558026134,1.0573918110855212,0.8832682919066176,1.0573863972195205,0.8832682919066176,1.0573863972195205,0.7408618541754921,1.088347234844389,0.6918662188900578,1.0988016255104716,0.31867434990754406,1.2727136944134327,0.43572719802231774,1.055575911216223,0.900790298673187,1.0150620317160324
20,1.0,1.0000095331866181,0.9674229200220725,1.07950999510743,0.864274465286201,1.1850421102208935,0.8640604972989344,1.1850898514472492,0.8640604972989344,1.1850898514472492,0.7915223004734532,1.314586192602623,0.6910205909844546,1.2895156351194588,0.6178682344403882,2.4800726476156916,0.5215084674080464,1.2053485533022361,0.9118305280675882,1.034808543813415
21,1.0,1.0000094649943658,0.9380476372883868,1.046929549624507,0.9156960181625973,1.0665802082306444,0.9156884776121519,1.066588413823698,0.9156884776121519,1.066588413823698,0.8070701977175425,1.1164904251507681,0.7143649173149793,1.1206643838704546,0.4068705085009018,1.4964758490714494,0.4393560339842383,1.050129584301908,0.8997165023855839,1.0137074665191055
22,1.0,1.000009397770763,0.9029273378711411,1.015649381877324,0.8647781778232796,1.0341034039139128,0.8647736333224879,1.034096436160179,0.8647736333224879,1.034096436160179,0.7191132789129717,1.0269064845156946,0.6374396969369105,1.0318079013242711,0.32842911991888857,1.2738380983941584,0.4344677627199586,1.032487955282121,0.8982707445383366,1.0137954221495185
23,1.0,1.0000094649943658,0.8783591316669632,1.037420633437877,0.9027992083206033,1.032509411061994,0.902788724500877,1.0325300646850788,0.902788724500877,1.0325300646850788,0.8002618883283329,1.0622180404563766,0.6726912660349779,1.0516486509846092,0.32570692606438856,1.5027552291043147,0.437973122123843,1.0723734442767652,0.8967679473889305,1.016791216496079
24,1.0,1.000009397770763,0.9094980780740778,1.0249126039261949,0.9209224574424908,1.0506009382512882,0.9208530292315491,1.0505837108297176,0.9208530292315491,1.0505837108297176,0.8062151494790101,1.0746306077019725,0.7120658360755037,1.0800788874288485,0.38002709650045147,1.746291333653255,0.4653547603445153,1.1067800887744712,0.89793837108927,1.0209577294241834
25,1.0,1.0000094649943658,0.9571977065638217,1.0550164959728674,0.9319440367857468,1.0711693115828382,0.9319422278919742,1.0711967125814335,0.9319422278919742,1.0711967125814335,0.8039520818911914,1.1030427688146691,0.7163744233453692,1.1375013201006374,0.33368575255802,1.347832828835311,0.45101125261704994,1.0976912562527108,0.8985796149353918,1.0139166622366906
26,1.0,1.000009397770763,0.9707259414786886,1.0736288261328317,0.9129751106047399,1.0494978465347968,0.912784710943168,1.0493153781671587,0.912784710943168,1.0493153781671587,0.8211897051381669,1.1237938015119944,0.7120790035042572,1.0950640274557506,0.37707401372471744,1.4417509803396824,0.4648232539196743,1.0916178902245133,0.8970369712300545,1.0151982581094834
27,1.0,1.0000094649943658,0.976727640587761,1.0646131128920322,0.9575366915445244,1.078803582385601,0.957544227262036,1.0788430479184918,0.957544227262036,1.0788430479184918,0.8619512888220369,1.1486377373922492,0.74785388103078,1.1199286018751395,0.5272944969232745,2.107537004410787,0.49635456797713856,1.1587573329988632,0.9036543074864873,1.0237375378831273
28,1.0,1.000009397770763,0.8534812253258582,1.0114462137109026,0.903537573898434,1.0623903224420186,0.9035297541036507,1.0623509331822913,0.9035297541036507,1.0623509331822913,0.7749429219727851,1.1132751998343182,0.7083666989756487,1.1224075417704567,0.4487345755355042,1.860251387294742,0.44802989711521535,1.0680527505359012,0.9008554879958744,1.0165072849743853
29,1.0,1.0000081872830517,0.8681652381081542,1.0420244868985682,0.8510753776295626,1.0051599776564872,0.8510410426716252,1.005155459991428,0.8510410426716252,1.005155459991428,0.7617243030129218,1.070834662264016,0.6477471699910982,1.0341314421717882,0.45015364109232897,1.947062820524664,0.49903682328371823,1.1731597447891955,0.9012901412023387,1.0220038204990967
30,1.0,1.000009397770763,0.934328580004608,1.0794268387675503,0.933275553380146,1.069948787104894,0.9332699465268476,1.0699294523862144,0.9332699465268476,1.0699294523862144,0.8265854806695898,1.1031143903877865,0.7438157641195786,1.123451013420836,0.2979657510040945,1.240786176786653,0.4428021404860797,1.0419876166295103,0.8944942864878935,1.0083574017064467
31,1.0,1.0000094649943658,0.9066640136238515,1.0171609088434093,0.8526559314767137,1.0210561139079184,0.8526639591005344,1.0211053722757164,0.8526639591005344,1.0211053722757164,0.7833852715938334,1.1075141119096137,0.6747687272630098,1.0673520912195682,0.41896505805895057,1.6789784869953566,0.47237033490870256,1.1166563966530059,0.8967312226914419,1.015604881416782
32,1.0,1.000009397770763,0.9727675040848622,1.0806138671444188,0.799723718247481,0.9909765217160695,0.7993319657773199,0.9906889768728299,0.7993319657773199,0.9906889768728299,0.7011570321841173,1.0453290638104389,0.6605520563865518,1.0513553613492717,0.38243931889212207,1.3325802602464747,0.4537674674013733,1.0626003951009126,0.9021853988696398,1.0155789739964278
33,1.0,1.0000094649943658,0.9630083652487856,1.0710128999478756,0.8679595303417325,1.0215625375678754,0.8679389555143185,1.0215604830679275,0.8679389555143185,1.0215604830679275,0.7675600048946315,1.0668550332202547,0.7032686220593902,1.0870877957651834,0.4347965902866159,1.61489463673473,0.4712114413631346,1.095855838457716,0.8953171273342819,1.0168248445331034
34,1.0,1.000009397770763,0.9610250585628146,1.1180554795103803,0.9703105312754637,1.1512834601529813,0.970305603214657,1.1512598158185552,0.970305603214657,1.1512598158185552,0.8996842452011785,1.3433316134954243,0.784605827217024,1.3473741466611295,0.4306575231363336,1.845308828336106,0.47870719338862566,1.1163779484409602,0.908848118580486,1.023997878961156
35,1.0,1.000009397770763,0.9603398844925051,1.0702932184697975,0.8692214113419151,1.0216763750726199,0.8688220715710951,1.02130786558841,0.8688220715710951,1.02130786558841,0.7745436363272905,1.1120349664746016,0.6686219010137663,1.0528286553706263,0.37215845594385427,1.478449799355895,0.4543370257859136,1.0710064800854147,0.8974274516037681,1.0184353192322457
36,1.0,1.000009397770763,0.870047580953045,1.0229017130816696,0.9444817991947836,1.0833536698377382,0.9444760617049257,1.0833626315428166,0.9444760617049257,1.0833626315428166,0.8205958891662319,1.1479824602786128,0.6717067579160808,1.0832115133914948,0.3292189851350994,1.4147220529826905,0.4553588147625967,1.062846104531998,0.8925420490200917,1.0109552942273852
37,1.0,1.000009397770763,0.9353595990673078,1.080717601344472,0.8905995832696026,1.0799302493368308,0.8905904972224399,1.07993566695669,0.8905904972224399,1.07993566695669,0.8098046449040048,1.170445615862549,0.7360306886112851,1.1738150990611456,0.6034742064357456,2.544630682481082,0.5253762464392493,1.2101697598867227,0.9108153670165461,1.0324498776873436
38,1.0,1.000009397770763,0.8738125218590499,1.0399543779255305,0.8875986329714699,1.0558711066999942,0.8875922484554046,1.05584198608214,0.8875922484554046,1.05584198608214,0.8067822425374687,1.1423127393773547,0.6914097367247496,1.1131187960642914,0.3712969342394102,1.5011313647292919,0.44085238961573553,1.0522015617909406,0.9002694608227353,1.0168864449055273
39,1.0,1.000009397770763,0.9308661716745084,1.0565778427030161,0.869406537542884,1.0331307599001756,0.8693124673618712,1.0330612293786237,0.8693124673618712,1.0330612293786237,0.7525764346517114,1.0477828260860869,0.6390416775636515,1.0274264827141402,0.27325970892056634,1.1459797646964704,0.4330274266412767,1.0275923233513535,0.8888469756018715,1.0060373741045572
40,1.0,1.000009397770763,0.9479767385977521,1.0512556067626773,0.9587114012182516,1.0899149598548783,0.958759634266037,1.089997564409948,0.958759634266037,1.089997564409948,0.8787114899865381,1.176485528573663,0.7258900504080842,1.1811928297680176,0.4295130416461463,1.7073675023288495,0.47501590829331963,1.1062948932952703,0.8996335685281098,1.0176426149361206
41,0.9983882828890931,0.9994479582366893,0.9205976380207825,1.0297022581415058,0.9144690137106337,1.0607995361306306,0.9145426832227429,1.060887161317132,0.9145426832227429,1.060887161317132,0.791434315801979,1.0765345437597138,0.7412244605213857,1.113726998258871,0.4100170528940206,1.616121900083264,0.4892054262830333,1.131480670774788,0.9019092311362122,1.0212563295717358
42,1.0,1.0000096725620395,0.925819054712079,1.0324515536028038,0.8688289014646312,1.0178467678352825,0.8687996737890448,1.01786250070515,0.8687996737890448,1.01786250070515,0.7874174907736137,1.064165947338748,0.69027684020907,1.0707802319362465,0.3975486027839984,1.4578338578911252,0.4675092674974423,1.0797154653854009,0.9048148347535122,1.0176420065568925
43,1.0,1.0000094649943658,0.8393960723489637,1.0924791657141846,0.9207031966902319,1.0545969018095727,0.920699891381134,1.0546132545743554,0.920699891381134,1.0546132545743554,0.829297315600634,1.111583774567382,0.6815789829748568,1.0563553077303836,0.3314461099857381,1.2642800804368595,0.45644372845776215,1.0685491292705143,0.8869945633215688,1.0071131911976747
44,1.0,1.000009397770763,0.8349531539030959,0.9837960975342998,0.8949832391605026,1.0423747637096374,0.8949638058960779,1.042417596749018,0.8949638058960779,1.042417596749018,0.7749805603575812,1.072924647882321,0.6658462286695898,1.0735276682061148,0.39175904464313643,1.6280505895790203,0.443733211251072,1.1129073660982522,0.8933454944552395,1.0154577309117678
45,1.0,1.000009397770763,0.8572420405112323,0.9934363267504623,0.8901542227043281,1.0279242115165526,0.8902753986308273,1.0280562488650222,0.8902753986308273,1.0280562488650222,0.7810417688826856,1.0496181285759538,0.6847908641787379,1.0543003064888958,0.34856490911529453,1.2970359010774248,0.4270263756063476,1.0157087272705785,0.891349592588352,1.0072498383843491
46,1.0,1.000009397770763,0.9500196027922481,1.0548413282733673,0.9386633040250217,1.0695133578418696,0.9386335731013691,1.0695344357210606,0.9386335731013691,1.0695344357210606,0.8385757273179866,1.1065166701332743,0.7485856008906756,1.1040034707162951,0.3567913524115875,1.3924111512206025,0.4700442865194233,1.1038765663950996,0.8961870832175745,1.0144622945886461
47,1.0,1.000009397770763,0.9644641166873047,1.1019998483095237,0.9233057150484794,1.1122049735275978,0.9233000660184143,1.1122194593249133,0.9233000660184143,1.1122194593249133,0.7785360616247992,1.1325974156294438,0.667655314584995,1.0925449071445192,0.41180174481469445,1.7170166021561246,0.4547002617059775,1.0748414420750105,0.906146619761665,1.0194036156844086
48,1.0,1.000009397770763,0.9613575917016206,1.0715627334864917,0.9041497044627992,1.077021340171495,0.9041358917805375,1.0770545174667054,0.9041358917805375,1.0770545174667054,0.7896665517820525,1.0937844868764919,0.6901024487563397,1.076641025315004,0.3758070317501625,1.482713046860456,0.4574169589720585,1.0743711088508618,0.9000624851893185,1.0170166185709106
49,1.0,1.0000094649943658,0.9054506968914995,1.0196199872809626,0.912313495284345,1.0909798381670113,0.9124091153318836,1.0910973617345878,0.9124091153318836,1.0910973617345878,0.8225172419650795,1.2540970000227722,0.6954491887240876,1.164837835877873,0.4614595771560345,1.9799473157109786,0.47070726393192697,1.1807706178703585,0.9024911960846023,1.0272700142279108
50,1.0,1.000009397770763,0.8828717950727372,1.0113431146349063,0.892699173382313,1.0445671028694223,0.8926913340648899,1.0445544537151956,0.8926913340648899,1.0445544537151956,0.8131341560284777,1.1221236158939756,0.7170167587479501,1.1010645779909487,0.42992397497633617,1.6544585687892601,0.4710378295758363,1.122413418590077,0.8950169707311122,1.0136041794337076
51,1.0,1.0000094649943658,0.9535909014414979,1.0566332763873652,0.8791962578341529,1.0367132677629491,0.8791904110010705,1.0367182755108637,0.8791904110010705,1.0367182755108637,0.7585154735822499,1.063252133399854,0.6804314926764651,1.0580550141600291,0.30483215883382264,1.1852391887651792,0.4253193116994676,1.0120905662510125,0.8978416774202975,1.0106081654563286
52,1.0,1.0000094649943658,0.9625065078926405,1.093579586543705,0.9492482164082542,1.0743248018260674,0.9492466884475741,1.074357013413551,0.9492466884475741,1.074357013413551,0.8702316599641595,1.1429331252115604,0.7541658806928926,1.1291689312676163,0.39818916743072547,1.7151589926913016,0.48143336170213563,1.1499585171644495,0.9039855877197052,1.0276216409420926
53,1.0,1.000009397770763,0.8944338704879575,1.0889189631730123,0.919980023963016,1.0710389261273057,0.919977882039408,1.0709777769689939,0.919977882039408,1.0709777769689939,0.8184190499355726,1.1274898032927978,0.7320490873629149,1.1182740494904755,0.39801234512507405,1.6244717854584643,0.46915712335614845,1.1136809282784583,0.894045271968154,1.0155118432367836
54,1.0,1.0000094649943658,0.880206653722054,1.0120234015926228,0.8764786810556702,1.0206288240856385,0.8764799841850376,1.0206524275931546,0.8764799841850376,1.0206524275931546,0.7933483676901357,1.0765742794510196,0.6561663335436088,1.0353926246633034,0.28728437937144713,1.1443536139944803,0.43189081119076755,1.0231824817703608,0.8918031174869749,1.009015896335129
55,1.0,1.000009397770763,0.9012086016981986,1.0327659302684518,0.9239950712395247,1.0523909501140727,0.9240001088926812,1.0524244861908296,0.9240001088926812,1.0524244861908296,0.8010434189679663,1.0803192652620048,0.7150484776432326,1.0812119100627895,0.35517773432716054,1.3787103693517055,0.4517315619074182,1.0712370087410745,0.8911429418142252,1.0114470910828763
56,1.0,1.000009397770763,0.9658218347733755,1.0667084678383256,0.8794902037935864,1.0902536937327754,0.8793682014721618,1.090260609932746,0.8793682014721618,1.090260609932746,0.7818091468741961,1.1475779754049424,0.6457240649299842,1.1105826684623221,0.4915716421345623,1.9191155714943118,0.4991672548052334,1.192682169128104,0.9065052660209982,1.0307773991142994
57,1.0,1.000009397770763,0.9394593367108979,1.045358909812389,0.8271625421176371,1.012266136220058,0.8271432840552053,1.0123110159719357,0.8271432840552053,1.0123110159719357,0.7263087010231846,1.039499736634057,0.6653741692027696,1.0550310716440787,0.40322848434518316,1.4303507259708022,0.4848847524823047,1.1117531870038349,0.8996766161668439,1.0163931455018038
58,1.0,1.000009397770763,0.9457199379766174,1.0443949330086777,0.9173054925641487,1.0579605439961577,0.9173011548000627,1.0579948565330828,0.9173011548000627,1.0579948565330828,0.8460910150140173,1.1302656196619345,0.7287188591624412,1.1123622301949105,0.46643739868471135,1.9230957986403245,0.5009601075437493,1.1770146981189291,0.9018646115289382,1.0281161976814563
59,1.0,1.0000094649943658,0.928870362739063,1.0334291716152102,0.9360549464043617,1.0624893300047424,0.9360423866518488,1.0625164641562566,0.9360423866518488,1.0625164641562566,0.8617418038734119,1.1272430384622536,0.7474190372751,1.1206080740718067,0.42782843720495906,1.6128902721848117,0.4802186787474495,1.1269420089359041,0.8971494094162669,1.0185226464689439
60,1.0,1.000009397770763,0.8528167054942172,1.0030245261964912,0.8878895658633956,1.0261440049524344,0.8879204130938841,1.0261892606423264,0.8879204130938841,1.0261892606423264,0.7423616279739674,1.030184155953507,0.6475724712675124,1.0337136573846557,0.3748528018684576,1.6882635461424886,0.4877975034311204,1.1410105195645472,0.9017373901718976,1.0266506986123414
61,1.0,1.000009397770763,0.8927557209423351,1.0119046732587607,0.8793024171360301,1.0177879956293003,0.8792772996728127,1.0178008869148898,0.8792772996728127,1.0178008869148898,0.7466648936689039,1.027562441683106,0.6572721720490005,1.0477306419224157,0.340763915654791,1.3115486172345652,0.44771689882444876,1.0510732856829732,0.8933529281097116,1.0097217414870614
62,1.0,1.0000095331866181,0.9361243577081997,1.0336792336581198,0.8963976569290789,1.0470403462048328,0.8963861237611586,1.04705210945989,0.8963861237611586,1.04705210945989,0.840234784979001,1.1314513794635546,0.7371507989868465,1.1196155673681638,0.3362121318199378,1.3567580491717235,0.4654616326596172,1.0781503984404115,0.8953949262296461,1.014061357966756
63,1.0,1.0000081872830517,0.955124423141573,1.0542872095423699,0.7601172016695067,0.9706450147286396,0.7601013498687017,0.9706410877422481,0.7601013498687017,0.9706410877422481,0.6967726470095922,1.0429025885382863,0.6002871161130908,1.014349831365072,0.41898016160876467,1.5426627305100058,0.45883110131286975,1.073490131605036,0.9031141241799083,1.0179853933977252
64,1.0,1.000009397770763,0.9463286817221148,1.0659396590096313,0.8586881338929014,1.0040821393837234,0.8586802370246179,1.0040977559771544,0.8586802370246179,1.0040977559771544,0.7291210272922701,1.0114438048023695,0.6534218397893378,1.0287393243696763,0.37768125318083373,1.4101380474230492,0.45066843771950776,1.059700230076672,0.8987455366291517,1.0123680844758722
65,1.0,1.000009397770763,0.8866922249540188,1.0117129038084158,0.9177373283375067,1.0801402526667772,0.9177341081430317,1.0801320757389277,0.9177341081430317,1.0801320757389277,0.8210639472186699,1.1517979986020188,0.7204988373306318,1.13461235668861,0.3259539166203281,1.278966164522125,0.44653079580341315,1.0457122417757678,0.8961030614257866,1.0116347327201796
66,1.0,1.000009397770763,0.8578860334699787,1.0057595353484021,0.9033269942143566,1.043633784103464,0.9033194539529159,1.0436608248544164,0.9033194539529159,1.0436608248544164,0.7794521208515934,1.0751034580992838,0.7163321299182067,1.0888769652206305,0.3835825846008274,1.5379667399530914,0.45280625242119427,1.0904599224015288,0.890687274622812,1.0132439373140998
67,1.0,1.000009397770763,0.9671001581181159,1.077533496462814,0.9511522991240007,1.0705423547207076,0.9511317642551385,1.0705249281167832,0.9511317642551385,1.0705249281167832,0.8644618689231744,1.151356235558076,0.7487864396000861,1.131685893208299,0.3886327023307235,1.6272343473570856,0.47326079596295206,1.12786228957038,0.90505581538123,1.0229356213145517
68,1.0,1.000009397770763,0.9626925178991911,1.076258855901493,0.9270854343211832,1.0740307077558762,0.9270024283462984,1.0740086984136132,0.9270024283462984,1.0740086984136132,0.8529066896310333,1.1444510576511615,0.7289357297321637,1.11860138988519,0.42962543345366094,1.6395438207952542,0.46871070125221426,1.099827522335893,0.9042461938397963,1.0218920426102567
69,1.0,1.000009397770763,0.9350543507041241,1.0449081346620102,0.8943245539616729,1.0494536631070777,0.894248089768678,1.0494389622999059,0.894248089768678,1.0494389622999059,0.7863122746457867,1.106718741614336,0.7136221632757387,1.105673582614751,0.33712543498705855,1.262741608574265,0.46961857874621715,1.0883411052703718,0.8955008701318908,1.0124393866583572
70,1.0,1.000009397770763,0.894307771886815,1.1141264036984706,0.9099048004784155,1.036300405295032,0.9099042151266282,1.0362743189874801,0.9099042151266282,1.0362743189874801,0.8568166703116876,1.1261953610301527,0.709807266966126,1.0960861346494055,0.35388291946726297,1.4178818081036022,0.4951374501641169,1.1743748127813325,0.9000721487026861,1.0194793886300166
71,1.0,1.000009397770763,0.9020603823811667,1.0216968287848944,0.8672130514634709,1.0713314613641078,0.8672161364784359,1.0713844736898281,0.8672161364784359,1.0713844736898281,0.7525569627620075,1.1081198466419617,0.6964088844340452,1.109954553832771,0.4034209334598094,1.4482107782675997,0.4486015995563342,1.0658902137787083,0.901715498396725,1.017850009601512
72,1.0,1.000009397770763,0.8977159872476921,1.030352947422848,0.8833906202806878,1.0731145271515428,0.8831877404732552,1.073094962481841,0.8831877404732552,1.073094962481841,0.758994133538485,1.0933309242730134,0.6714050647356615,1.106196447721561,0.35730793221621004,1.5401682913891364,0.4619778165892311,1.1036983436792143,0.8981871299372226,1.0160738687276822
73,1.0,1.000009397770763,0.9623602698410523,1.0627384685087202,0.934102604379947,1.069533880632554,0.9340569664306304,1.0695441424462817,0.9340569664306304,1.0695441424462817,0.8683915752776938,1.1447292341809436,0.7430869803034026,1.11875332906135,0.456966795964695,1.6816798932946553,0.48898127866668534,1.1657297214124605,0.9079092510335961,1.0271189078681364
74,1.0,1.000009397770763,0.835712517167717,0.9788981123076492,0.9260621465564878,1.0565304210849953,0.9262253681553687,1.0566925869952648,0.9262253681553687,1.0566925869952648,0.8506477920026562,1.1180359724392221,0.7198303627868734,1.0844361368544488,0.3613071565665581,1.4094731303830534,0.46884377003036437,1.1029643360855856,0.8924060206682107,1.0145829514242053
75,1.0,1.000009397770763,0.9716735341886359,1.0702241980756515,0.7968101069233878,1.0797260644486528,0.7964707536149902,1.079606628837249,0.7964707536149902,1.079606628837249,0.7208190282026485,1.1718678662059796,0.6575562567325128,1.177937343731663,0.39317301385833314,1.3939552928782817,0.4562043706714046,1.0686061066003036,0.899336363142945,1.013447121425628
76,1.0,1.000009397770763,0.9119192075968267,1.0416389718949197,0.9233744119394973,1.0618137018260192,0.9233516060320142,1.0618392325905555,0.9233516060320142,1.0618392325905555,0.8600367094763575,1.1599367966770524,0.7074372178581185,1.1244975002947977,0.3818282284500277,1.5350747305869497,0.46501402485504384,1.0953685834881908,0.902142153120376,1.0215486335217274
77,1.0,1.0000095331866181,0.8716466465379042,1.0141565828122503,0.9214899247140501,1.0676132827315417,0.9214876481820955,1.067651925845393,0.9214876481820955,1.067651925845393,0.8264333148129257,1.118960897186425,0.7223646544098798,1.1081282607832674,0.4091796502246384,1.5191031033428275,0.4410317255925225,1.0480987113884064,0.8986172730229732,1.0145074233908034
78,1.0,1.000009397770763,0.9663711643365147,1.0612270880457917,0.9321445262420525,1.0702255188481005,0.9321303869650969,1.0702483074452496,0.9321303869650969,1.0702483074452496,0.8768422944592359,1.1486160903072196,0.7611649532710393,1.1318014302997828,0.4308958101598252,2.0781575740946763,0.46493401629906445,1.1754637948670281,0.9068181870247976,1.0340515429750505
79,1.0,1.000009397770763,0.9620024719488607,1.057091748375412,0.9448699994603661,1.0639081753816924,0.9448658506012848,1.063926864496144,0.9448658506012848,1.063926864496144,0.8632951615721313,1.11803080719914,0.7654916792834243,1.1237325909617641,0.40856081257709514,1.5591082197631776,0.47287909197728945,1.1001046109820154,0.9023340787231963,1.015084874089237
80,1.0,1.000009397770763,0.9231371288085116,1.038218993458378,0.8564036353093449,1.034431979779492,0.8562622688952501,1.034329439276673,0.8562622688952501,1.034329439276673,0.7486152728564999,1.101270808766516,0.644183485700516,1.0612469661736676,0.3781646238207708,1.4269142804359913,0.4607953689819766,1.0860678568095534,0.8973072940747098,1.0122995139557716
81,1.0,1.000009397770763,0.9049926667376333,1.0308945881735154,0.8803455753320032,1.0236402988688729,0.8802346502796485,1.0235689265436798,0.8802346502796485,1.0235689265436798,0.7479886644496274,1.0208364204979308,0.6935238683697096,1.0518506325369175,0.3614279328924477,1.3166922608025673,0.4643625632903109,1.0716970147769351,0.8908411039647408,1.0078382480862933
82,1.0,1.000009397770763,0.8529494828903387,1.043545567160088,0.9064357564959019,1.06404047132533,0.9062942277678061,1.063965809342499,0.9062942277678061,1.063965809342499,0.7730692022967508,1.0603442675295198,0.6953860919731593,1.0709347318584426,0.3425964693411574,1.2895786719733355,0.4579734928730189,1.0627880513475687,0.8933072865629107,1.0121571943416474
83,1.0,1.000009397770763,0.8458214450868706,0.9886851898247738,0.9218032087448481,1.0793751806593606,0.9217983166569652,1.0793835852761886,0.9217983166569652,1.0793835852761886,0.8548624939300694,1.1765890111565702,0.7448990345549973,1.131799478041165,0.41257686689434314,1.5393743749749444,0.4677411812989051,1.1050437605984342,0.9011492254621836,1.0161081668173921
84,1.0,1.000009397770763,0.9045113786853252,1.0507455066963112,0.8539254654882651,1.0417710747848414,0.8539193681500304,1.0417791446609768,0.8539193681500304,1.0417791446609768,0.7397996094180957,1.0890861217775616,0.6171441856559069,1.0752138283594719,0.35644168850539193,1.451826543281097,0.4686217879946454,1.0990524982665737,0.9052168676478889,1.0186852118320042
85,1.0,1.0000094649943658,0.9552855967400802,1.0846690482911863,0.8381492908105832,1.006973731991274,0.8381327573920284,1.0069830122924535,0.8381327573920284,1.0069830122924535,0.7397301253986907,1.0595235292147842,0.6572298852090949,1.0555129405388703,0.46400073479652926,1.6596177013466273,0.4444716981745424,1.0553595892658036,0.9026777519109274,1.0160384131388338
86,1.0,1.000009397770763,0.9121927392198872,1.0436998407628157,0.9027667029685549,1.045800477820829,0.9027794845546351,1.0458502990522025,0.9027794845546351,1.0458502990522025,0.8263775684220317,1.1046549997077777,0.713459091989374,1.0834883874716803,0.34578554704871023,1.3618208465789399,0.4327077708441321,1.03144806262641,0.8945649106471134,1.0092712103074442
87,1.0,1.000009397770763,0.957326359054559,1.0783545460729145,0.9036762509608438,1.060420434941995,0.903682680411056,1.0604718207429265,0.903682680411056,1.0604718207429265,0.7946881870661514,1.1050433683623455,0.6827953172523593,1.0787795428366482,0.3481911489323949,1.2784881547354336,0.4609054868626588,1.069836896325024,0.8996695320097856,1.0116329682121614
88,1.0,1.000009397770763,0.8944237239028805,1.0114569941158145,0.9100864337733207,1.0381939313375108,0.9100800845519771,1.0382132276371425,0.9100800845519771,1.0382132276371425,0.7939306160819912,1.063300362615307,0.7099476352227857,1.0970989799315665,0.29975185663144066,1.1916927848644092,0.4286549376455385,1.0102280839823756,0.8891732250158787,1.0034859706793284
89,1.0,1.000009397770763,0.856659866714749,0.9798754069610105,0.8760375793513298,1.0170567714870236,0.8760778373642986,1.0171156199749325,0.8760778373642986,1.0171156199749325,0.7708586449450371,1.0473715045448935,0.6512575674730448,1.0215396125922078,0.3919362924073491,1.568231427691134,0.45890298293411674,1.0967458689280547,0.8997715591753638,1.0194592928666295
90,1.0,1.000009397770763,0.9625644805162892,1.0629936424231652,0.9122720442383138,1.055462602491038,0.9122524326172966,1.0554840046930252,0.9122524326172966,1.0554840046930252,0.8288029363814919,1.1043038791912265,0.7394658872844794,1.1297294581526776,0.40138619785004587,1.5965064936764704,0.470915142919365,1.113659526566153,0.9055636512347351,1.0229576420118538
91,1.0,1.0000094649943658,0.9432033096401403,1.0450520921300963,0.8924543037582383,1.0729149058181287,0.8924475329041848,1.072904636992634,0.8924475329041848,1.072904636992634,0.7906489322034409,1.116493230022732,0.7156656357659739,1.1323936997984518,0.3849155509871524,1.5735842411620455,0.4496073234651578,1.0588962047198858,0.8983338727236472,1.0165241036829322
92,1.0,1.000009397770763,0.9511910419925169,1.0560642750366365,0.9151014673097849,1.0508706584856293,0.9150971099535745,1.0508843648572748,0.9150971099535745,1.0508843648572748,0.7940326685774991,1.084876284123224,0.6813388855409347,1.049840785888339,0.31132788700132946,1.2123248956873212,0.40680633360452967,0.9842260402521341,0.8869224165718034,1.0041882300091678
93,1.0,1.0000085154874656,0.9300260191032607,1.04887450097178,0.9096050400437058,1.1569067568940714,0.9095805965760991,1.1570025447078587,0.9095805965760991,1.1570025447078587,0.8230336841547643,1.4125327195847848,0.6447706737607533,1.2015338560770394,0.45735037480690793,1.867676578045448,0.4849659170752488,1.1669179040514375,0.9052683520604571,1.0242352247777955
94,1.0,1.000009397770763,0.9527988128583857,1.0527711409662084,0.9440165774480622,1.0801160684427524,0.9439852829338072,1.0801454792084566,0.9439852829338072,1.0801454792084566,0.8859696790619515,1.1788314351250473,0.7838848617364842,1.1567913707460304,0.3960607591678805,1.583829773233528,0.4472470282415011,1.075140272249772,0.9038114000104489,1.0222890870789425
95,1.0,1.000009397770763,0.9315591720647936,1.050542400016996,0.9258277630640454,1.0747478342241,0.9258257290734088,1.0747757704010032,0.9258257290734088,1.0747757704010032,0.836246628481541,1.1235352358146384,0.730887676030093,1.1213295315808798,0.4058846768010206,1.5776194969892843,0.4444337911045565,1.072577433208194,0.894907486040059,1.0152553192575786
96,1.0,1.000009397770763,0.960442005893564,1.069288066269035,0.9222663329197889,1.0703101131973667,0.9221386518655471,1.0702704741537763,0.9221386518655471,1.0702704741537763,0.8172446373999784,1.14457801912849,0.7323652550821095,1.1592840844335994,0.4448609396825168,1.8538344903249178,0.47582662464815834,1.1259825098390797,0.8990682354278586,1.0183722940186863
97,1.0,1.000009397770763,0.9205431850056496,1.0252509242894505,0.9463642006615125,1.0833781017931177,0.946377886103749,1.0834202041982253,0.946377886103749,1.0834202041982253,0.8501867550247582,1.1492218730356552,0.7383158001612017,1.1462606616722422,0.4439179249263997,1.6494216253404936,0.46043283979766025,1.0702265755438003,0.8960117292357438,1.0117235524475374
98,1.0,1.0000095331866181,0.941153298645439,1.053281390644838,0.933349124183503,1.0909561214074717,0.9333469072892353,1.0909997003549552,0.9333469072892353,1.0909997003549552,0.8654670072511566,1.165323517005313,0.7253480016924018,1.1502449018209049,0.49556708272556776,1.8829773311006266,0.49790637567731066,1.1516934389570814,0.9137149501245023,1.034936139610397
99,1.0,1.0000094649943658,0.9161150614344686,1.0388010445784495,0.8256077549595748,1.0072218736913805,0.8255916685157724,1.0072014521373234,0.8255916685157724,1.0072014521373234,0.7475766487058866,1.1108887891613604,0.6265202601425941,1.0500197431891332,0.3994034366607039,1.5148726546902522,0.4631540774446757,1.0844540884147034,0.9033816439211483,1.0151684774863239
100,1.0,1.000009397770763,0.940460898434085,1.0653001015127483,0.9217628296124263,1.058510851056574,0.9217576297077551,1.058495273443441,0.9217576297077551,1.058495273443441,0.8336833123427876,1.1183985005257002,0.705889267403401,1.0763567346732044,0.3420887195684023,1.4497963803956049,0.45051921135648954,1.071515061454494,0.8943129563937713,1.0156051103813486
101,1.0,1.000009397770763,0.8988597202736542,1.0274351993453146,0.8790156789685657,1.0332347096086905,0.8790227531390709,1.0332311854132248,0.8790227531390709,1.0332311854132248,0.8267971145398434,1.122397531441685,0.733203628316194,1.1248441255471422,0.3998253920857449,1.661821565803212,0.47468001819705724,1.1174114562116984,0.9077440583935704,1.0231057112010777
102,1.0,1.000009397770763,0.9504218098177969,1.0594150027604576,0.9173765754700153,1.0652068131370438,0.9171319323760226,1.0650125547771327,0.9171319323760226,1.0650125547771327,0.8153133777526527,1.1452509119628287,0.731295430966225,1.1297913641113129,0.4989533484405217,1.839223762775222,0.48783277731857544,1.171424426439442,0.9018230441394979,1.0228421681286128
103,1.0,1.000009397770763,0.8693422232684103,1.004081517709012,0.8992429226541034,1.0601952282885267,0.8992657765391838,1.0602583964371208,0.8992657765391838,1.0602583964371208,0.7816964972088847,1.1005391446194477,0.7129578129062442,1.1177392594548363,0.36890839725483354,1.3474394728395653,0.4771392259712844,1.109101680877333,0.8973566663939753,1.0130620050294528
104,1.0,1.000009397770763,0.9224350722708504,1.0491159485105652,0.886022679734355,1.035897885072249,0.8858941232367676,1.0358168631802978,0.8858941232367676,1.0358168631802978,0.7501286515790635,1.0567397946683887,0.6028694100299983,0.9881056816890794,0.38500080186165186,1.5546433760822482,0.46712314296203195,1.1008891466462027,0.8997929979988438,1.0205330102493517
105,1.0,1.000009397770763,0.934204162710167,1.0416414378141128,0.7782005373494391,1.0369838367720592,0.7781838340119904,1.0370367717707765,0.7781838340119904,1.0370367717707765,0.6683350543673896,1.0774025156317262,0.5428598697456707,1.0676803078530506,0.3457081270526798,1.3478064247661086,0.4493312649929921,1.0574210069595942,0.8977443409788247,1.0117830701763104
106,1.0,1.0000094649943658,0.8883810977928807,1.0137412608019483,0.8931022199937761,1.0378350033338637,0.8930900899175874,1.037854553495831,0.8930900899175874,1.037854553495831,0.775961817098661,1.0642316920258543,0.718935607119815,1.0884729574097918,0.33956119667118523,1.3309896088393414,0.43567002033270724,1.039079590624494,0.8986039560486635,1.0148313960436997
107,1.0,1.0000085154874656,0.9805644760209405,1.0965429386993477,0.9284873844747636,1.054698516751291,0.928475030026304,1.0547194009854501,0.928475030026304,1.0547194009854501,0.8027526517053349,1.0716858062649288,0.7562010751384804,1.1223064377616858,0.410150577823129,1.4713156656363056,0.46187161559605494,1.079966965421241,0.897186005400821,1.0116195727490271
108,1.0,1.000009397770763,0.9279244122314612,1.0805496907224335,0.9297263531083726,1.0562620122955748,0.9297230766343688,1.0562708964608518,0.9297230766343688,1.0562708964608518,0.843763735599832,1.1135043649427134,0.7380610622735905,1.110396719875983,0.36555996639122157,1.5005557679341963,0.4821343274584574,1.1417894549364267,0.8926938153089978,1.0134611221697676
109,1.0,1.000009397770763,0.9366675525114914,1.108960087127143,0.9445059048189535,1.098271589948669,0.9445035114939863,1.0982496097854446,0.9445035114939863,1.0982496097854446,0.8656514251902843,1.1613987852710579,0.7509478795896563,1.1444223513455996,0.38589309196274757,1.443285669730342,0.467520097208423,1.0938134839340272,0.8955596386142517,1.0150642286466511
110,1.0,1.000009397770763,0.7768315966258301,0.9510020700817087,0.8804859604168863,1.0372612980174518,0.8805707734553563,1.0373924885241494,0.8805707734553563,1.0373924885241494,0.6947477394319076,0.997067585324415,0.6019027139659692,0.983785159907318,0.34834151312119077,1.3454459243955297,0.45450516856142487,1.0710076688436,0.8935168031590466,1.0089316235155519
111,1.0,1.000009397770763,0.8516632049903027,1.0017695244452784,0.8918982850647647,1.029393344334686,0.8919003603787935,1.029424420456518,0.8919003603787935,1.029424420456518,0.7674196458870426,1.0410830640446842,0.6526190970563951,1.0352416790324575,0.3451411524179244,1.3113264790247057,0.4624220902005251,1.081054306384233,0.887607503778122,1.0064152014114052
112,1.0,1.000009397770763,0.9555813373365194,1.0625266886543787,0.8917633357883817,1.0444970387290302,0.8916804077601306,1.0444740268021881,0.8916804077601306,1.0444740268021881,0.8048337941217376,1.1145973335254042,0.71109862139565,1.0964093014026246,0.38058107914175965,1.5562714111702904,0.4523287558238076,1.0653621119573735,0.8959859704297735,1.0147251497270358
113,1.0,1.000009397770763,0.9555861046208853,1.1108374185668763,0.9373819368360436,1.1149147867429798,0.9373759899294949,1.1148633139063435,0.9373759899294949,1.1148633139063435,0.8388285218971901,1.1955844899460832,0.7395099839584269,1.2348907676534124,0.4279901207023977,1.9586949143589023,0.4692075499733336,1.1094296541954416,0.9031246850285364,1.0218141967846897
114,1.0,1.000009397770763,0.867206009937415,1.0148051806768714,0.9416372347124817,1.0713378489853287,0.9417286583328686,1.0714402507573935,0.9417286583328686,1.0714402507573935,0.8580265645532543,1.1345797189008409,0.7669491277813203,1.1516810858113127,0.4111397116559255,1.6161638236772595,0.48323892695337334,1.1377234751789917,0.8999065057691474,1.0168514856314927
115,1.0,1.000009397770763,0.8767914917931353,1.025037605169257,0.885535090275933,1.028584094506504,0.8855074484973093,1.0285969271887385,0.8855074484973093,1.0285969271887385,0.8288950308228766,1.1043873719822674,0.7412649588039063,1.1107468479859222,0.4396286350344047,1.677835829135824,0.4787125437709589,1.1408274419674564,0.8971581704626356,1.0176926935500656
116,1.0,1.000009397770763,0.9601160885906552,1.090758523712767,0.9402131340851193,1.084152220142602,0.9402015131492416,1.0841906633515486,0.9402015131492416,1.0841906633515486,0.8707063303276023,1.2075648497818543,0.7843924770791656,1.1725712440265263,0.4164674192912008,1.6478851591962695,0.5018603102542001,1.2181150578482292,0.904559244951097,1.0264362485985825
117,1.0,1.000009397770763,0.9398429930728824,1.0495073600359268,0.8666984479698208,1.0412757984025687,0.8664935619813405,1.0411483692780357,0.8664935619813405,1.0411483692780357,0.7456655275297065,1.0855055979104062,0.6566452753429134,1.060386477116587,0.3900372333693716,1.515143108280104,0.4528834209481342,1.094220708136414,0.8886121788864871,1.0088575456481181
118,1.0,1.000009397770763,0.8516410109258183,1.016846991298279,0.7871326247593293,0.9803723710918472,0.7871699917929614,0.9804241531632936,0.7871699917929614,0.9804241531632936,0.7141645151725877,1.0803093342774859,0.574558609201486,1.0273107996567843,0.3810448167092824,1.5799735169891838,0.41913628764004385,1.0402570589346094,0.8979039012621115,1.0180810283481385
119,1.0,1.000009397770763,0.9015333917269983,1.043149340032595,0.8965626436790185,1.0364287081097259,0.8965591480498099,1.0364101470887013,0.8965591480498099,1.0364101470887013,0.8124333751601217,1.110765075914348,0.6839436771441594,1.0555027442140414,0.3703356481856693,1.4515703339614738,0.4558234230434922,1.0875784900441412,0.893573972424743,1.0117591989273542
120,1.0,1.000009397770763,0.8349257808985749,0.9720813827139395,0.8554287667034188,1.0475565607061583,0.855452493709089,1.047694485454523,0.855452493709089,1.047694485454523,0.71723247186255,1.1340722732216517,0.6037877852201543,1.0696354096943532,0.41067560901971234,1.6855517805392009,0.4612489970196448,1.1176469078680682,0.8988751923214362,1.0183140120630712
121,1.0,1.000009397770763,0.8531211467075883,1.0173082362426502,0.8422621951114593,1.018385460048998,0.8422952643919398,1.018440981609799,0.8422952643919398,1.018440981609799,0.7440094923245424,1.097172216333877,0.6603396052864999,1.1126542604101695,0.4095381316421559,1.6254993536505797,0.47161714319512277,1.1403000128472929,0.9034216722848839,1.0249795491832236
122,1.0,1.000009397770763,0.9235729528434362,1.040266476527597,0.8752547766049428,1.0514651016162768,0.8751825951258028,1.0514494131221863,0.8751825951258028,1.0514494131221863,0.8070455900491688,1.1414619708727274,0.6951625990376818,1.0832425051577832,0.44079954379671094,1.6608708373144547,0.48887973942298935,1.1444604582152702,0.9032491506405267,1.0203086430395192
123,1.0,1.0000081872830517,0.9145830524370812,1.203737792867193,0.8895098704983209,1.10435399760202,0.8895232175475503,1.1043758920667803,0.8895232175475503,1.1043758920667803,0.7809361040157985,1.14361055883487,0.6664485009681694,1.1462254871722974,0.3585211883160649,1.477372862104891,0.44473540388751065,1.0745469547713304,0.8988805941409025,1.015422333273066
124,1.0,1.000009397770763,0.9359030045650268,1.0714326235658385,0.9215382235804995,1.1017624138509918,0.921538222145214,1.1017849405933826,0.921538222145214,1.1017849405933826,0.8357697508305024,1.1960154904460862,0.712402370117778,1.1364753067767441,0.3826047214361018,1.5125839312357097,0.4589446524004458,1.0881338347873837,0.8927851530068388,1.0086233007001157
125,1.0,1.000009397770763,0.929927279420979,1.0623299077314865,0.8763049952558741,1.024642974399256,0.8763030068308799,1.0246663816697836,0.8763030068308799,1.0246663816697836,0.7641543626312316,1.087798534346783,0.6709437699021071,1.0690461647695857,0.3887178915201234,1.453950255876863,0.44500292907095285,1.057437135934828,0.894893983936667,1.010656634236273
126,1.0,1.000009397770763,0.9557091977981653,1.0529885310971019,0.9131535754182337,1.06857558036892,0.9130127992316484,1.0684799507368439,0.9130127992316484,1.0684799507368439,0.822960119847038,1.128347022828019,0.6845099416810833,1.0891136229113316,0.45003267769073896,1.8660392591037043,0.4665561106143249,1.1562157429335216,0.9010789121726603,1.025966081072112
127,1.0,1.000009397770763,0.9453964502016514,1.070580832193795,0.8131488973614619,0.9832880934722548,0.8128689595594214,0.983046034764424,0.8128689595594214,0.983046034764424,0.6485690916379351,0.9822252631085183,0.5717383231717246,0.9957889177688194,0.3003028885224528,1.2566496365881885,0.39300635148516855,0.9799025846866406,0.8814686398218283,1.0039426140178
128,1.0,1.0000094649943658,0.8986759900234521,1.0727826099362008,0.9153903933717267,1.0617584163789155,0.915406332835458,1.0617882418070181,0.915406332835458,1.0617882418070181,0.7831128128926549,1.0792010496782536,0.6780830259862259,1.078260358412577,0.3404546004747407,1.6162184966767812,0.45835195893609837,1.1160920593534422,0.8901527303584587,1.0155729990750753
129,1.0,1.000009397770763,0.7623518773969618,0.9286911105742213,0.9016653459242372,1.0503715673479534,0.9019028467946086,1.0506355071641866,0.9019028467946086,1.0506355071641866,0.8099379880161056,1.1021342222582837,0.683664767529249,1.0555534787969467,0.3933298833372227,1.4797316832727327,0.47851196152730785,1.1058882054061983,0.8929345550930187,1.0111962312692802
130,1.0,1.000009397770763,0.9300928108441895,1.0447357210813826,0.9188021946960323,1.0468062912392053,0.9188085699689033,1.0468369851245956,0.9188085699689033,1.0468369851245956,0.8255813001849518,1.0923996137627903,0.7134170626484984,1.091844945457957,0.40935096192352294,1.9652402768201362,0.44544985158523465,1.1099876895320084,0.8993417963436062,1.0231910515732696
131,1.0,1.0000094649943658,0.93832804122383,1.1226894256756026,0.9462268699214367,1.071979641464206,0.9462227562414913,1.0719904623510035,0.9462227562414913,1.0719904623510035,0.8970412829263055,1.1683958385082376,0.7969787805520301,1.1868020997812088,0.369733758524616,1.4738754765370006,0.43528572253082787,1.0661263595684562,0.8999043774955329,1.017968516404556
132,1.0,1.000009397770763,0.9430396048685804,1.1739756553172527,0.9357063321555279,1.1240652040581718,0.9357044737204674,1.1240387712444448,0.9357044737204674,1.1240387712444448,0.8773363621981695,1.3107912162940467,0.7191375938056211,1.2786391608319465,0.46285823329055464,1.8694174776673627,0.4836338771877653,1.1554893042556003,0.90693377672204,1.0245263453619171
133,1.0,1.000009397770763,0.9017439514348664,1.040547088469675,0.8387989304740057,1.0335564873538112,0.8387989277449046,1.033589108809396,0.8387989277449046,1.033589108809396,0.7365566591239201,1.0891628947015233,0.6493778570643235,1.0825474046201509,0.3914174141237313,1.419087871509047,0.46166852560267985,1.0761674123288099,0.8967234191891043,1.0106432928137254
134,1.0,1.000009397770763,0.9198553654910896,1.0480728781506823,0.805233554480629,1.0710784786494005,0.8050490390750792,1.0710460161185689,0.8050490390750792,1.0710460161185689,0.7095585601736947,1.185808765890539,0.5955806909120918,1.1721154304066672,0.43944787218312265,1.8687497629514995,0.4854936635435145,1.1407858515844624,0.9030103030569056,1.0225282884753926
135,1.0,1.000009397770763,0.9492657102106399,1.0822285384485346,0.8703311080119155,1.073568517831145,0.8703192173464455,1.0735135946142156,0.8703192173464455,1.0735135946142156,0.8088317351271176,1.229108363662519,0.6953537528744812,1.123686333192077,0.4494626916797019,1.7958480692067311,0.43555446220111527,1.0767190618335403,0.9014001827525986,1.0177354434108432
136,1.0,1.000009397770763,0.9578349908361995,1.0868654122832608,0.9197691628892872,1.0661597369621856,0.9197618399440444,1.0661556280005868,0.9197618399440444,1.0661556280005868,0.8450121287028771,1.1698214598514112,0.7479999779993592,1.147129871923283,0.38874268945486695,1.6051870932335583,0.464668614357907,1.073658621033665,0.9029769575908742,1.0177539647663538
137,1.0,1.000009397770763,0.9546637072555761,1.10627284626568,0.9507761037099194,1.0706894513409582,0.9507728874284872,1.070672545389333,0.9507728874284872,1.070672545389333,0.8885824294586232,1.1519759998704815,0.768224025308669,1.1747695222499466,0.37284524860950097,1.430604527192428,0.46047453806908256,1.089345611311388,0.8996100741912774,1.015373363480993
138,1.0,1.000009397770763,0.9028118868816195,1.019384290199776,0.9209175955075315,1.0468317031886765,0.9208586690391783,1.0467938960271113,0.9208586690391783,1.0467938960271113,0.7982774265084143,1.0710168383872445,0.7028240158393668,1.0705819240948538,0.3590479544098842,1.5015397206778296,0.4418950016630549,1.0594969076174912,0.8878478218833269,1.0073513466515296
139,1.0,1.000009397770763,0.9538990555934965,1.0480382291802015,0.92782313644483,1.0486400378349636,0.9277871181149754,1.0486271686502109,0.9277871181149754,1.0486271686502109,0.8424260552786766,1.0883470257373133,0.7380209342362744,1.0915236090631864,0.3721831346001898,1.4761663921505206,0.4246381662285067,1.0136475612085523,0.8883019165236131,1.0061534174912048
140,1.0,1.0000094649943658,0.8296985938059255,0.9965818077958544,0.9153932670994139,1.04990987502798,0.9154133819354108,1.0499436913268145,0.9154133819354108,1.0499436913268145,0.7840930912610418,1.0774003996020483,0.6649325665086302,1.0386083880938264,0.3507484135840115,1.3217886357483553,0.43104541789700546,1.0254289662821723,0.8980393171196047,1.0110886500755838
141,1.0,1.0000093844404665,0.9119549487981065,1.0209935128643948,0.8671245450748746,1.0164816693858638,0.8670325338224061,1.016443521167411,0.8670325338224061,1.016443521167411,0.7138992697994956,1.0138707586917581,0.6651121442728405,1.049180502003583,0.46721660996451,1.643729878511006,0.48807254960001567,1.136120836948593,0.9061601537354381,1.0217238061320602
